,Image,Train Accuracy
0,M1_01_0_0,0.9584121704101562
1,M1_01_0_1,0.9580001831054688
2,M1_01_0_2,0.9583854675292969
3,M1_01_0_3,0.9584083557128906
4,M1_01_0_4,0.9436111450195312
5,M1_01_0_5,0.958465576171875
6,M1_01_0_6,0.9495582580566406
7,M1_01_1_0,0.9518928527832031
8,M1_01_1_1,0.9517593383789062
9,M1_01_1_2,0.9518928527832031
10,M1_01_1_3,0.9518928527832031
11,M1_01_1_4,0.9761772155761719
12,M1_01_1_5,0.9743156433105469
13,M1_01_1_6,0.9557838439941406
14,M1_01_2_0,0.9842414855957031
15,M1_01_2_1,0.9843025207519531
16,M1_01_2_2,0.9843101501464844
17,M1_01_2_3,0.9842376708984375
18,M1_01_2_4,0.9689674377441406
19,M1_01_2_5,0.9688491821289062
20,M1_01_2_6,0.9838829040527344
21,M1_01_3_0,0.9073867797851562
22,M1_01_3_1,0.9068031311035156
23,M1_01_3_2,0.9073143005371094
24,M1_01_3_3,0.9073715209960938
25,M1_01_3_4,0.9364738464355469
26,M1_01_3_5,0.9380874633789062
27,M1_01_3_6,0.90240478515625
28,M1_04_0_0,0.9401741027832031
29,M1_04_0_1,0.9400100708007812
30,M1_04_0_2,0.9400482177734375
31,M1_04_0_3,0.940216064453125
32,M1_04_0_4,0.9587287902832031
33,M1_04_0_5,0.9620933532714844
34,M1_04_0_6,0.9403915405273438
35,M1_04_1_0,0.9591178894042969
36,M1_04_1_1,0.9504280090332031
37,M1_04_1_2,0.95904541015625
38,M1_04_1_3,0.9591102600097656
39,M1_04_1_4,0.9645652770996094
40,M1_04_1_5,0.9853134155273438
41,M1_04_1_6,0.9858779907226562
42,M1_04_2_0,0.9274635314941406
43,M1_04_2_1,0.9271659851074219
44,M1_04_2_2,0.9273109436035156
45,M1_04_2_3,0.9274482727050781
46,M1_04_2_4,0.9261436462402344
47,M1_04_2_5,0.9145393371582031
48,M1_04_2_6,0.9243545532226562
49,M1_04_3_0,0.9495811462402344
50,M1_04_3_1,0.9495849609375
51,M1_04_3_2,0.9496269226074219
52,M1_04_3_3,0.9496002197265625
53,M1_04_3_4,0.9656600952148438
54,M1_04_3_5,0.9632148742675781
55,M1_04_3_6,0.9506416320800781
56,M1_05_0_0,0.9114761352539062
57,M1_05_0_1,0.9112319946289062
58,M1_05_0_2,0.9110527038574219
59,M1_05_0_3,0.9114418029785156
60,M1_05_0_4,0.9103240966796875
61,M1_05_0_5,0.8974800109863281
62,M1_05_0_6,0.911468505859375
63,M1_05_1_0,0.939971923828125
64,M1_05_1_1,0.9400291442871094
65,M1_05_1_2,0.93994140625
66,M1_05_1_3,0.939971923828125
67,M1_05_1_4,0.9425239562988281
68,M1_05_1_5,0.93597412109375
69,M1_05_1_6,0.9398841857910156
70,M1_05_2_0,0.9726791381835938
71,M1_05_2_1,0.9726104736328125
72,M1_05_2_2,0.9726600646972656
73,M1_05_2_3,0.9726791381835938
74,M1_05_2_4,0.9732589721679688
75,M1_05_2_5,0.9790306091308594
76,M1_05_2_6,0.9727058410644531
77,M1_05_3_0,0.9702033996582031
78,M1_05_3_1,0.9700660705566406
79,M1_05_3_2,0.9701423645019531
80,M1_05_3_3,0.9702033996582031
81,M1_05_3_4,0.9746170043945312
82,M1_05_3_5,0.9732551574707031
83,M1_05_3_6,0.9741172790527344
84,M1_06_0_0,0.92803955078125
85,M1_06_0_1,0.9275169372558594
86,M1_06_0_2,0.9279670715332031
87,M1_06_0_3,0.9280586242675781
88,M1_06_0_4,0.9238433837890625
89,M1_06_0_5,0.8874092102050781
90,M1_06_0_6,0.8990974426269531
91,M1_06_1_0,0.9055633544921875
92,M1_06_1_1,0.9054336547851562
93,M1_06_1_2,0.9055671691894531
94,M1_06_1_3,0.9055824279785156
95,M1_06_1_4,0.9021186828613281
96,M1_06_1_5,0.8929824829101562
97,M1_06_1_6,0.8922500610351562
98,M1_06_2_0,0.9024162292480469
99,M1_06_2_1,0.9022331237792969
100,M1_06_2_2,0.9023818969726562
101,M1_06_2_3,0.9024085998535156
102,M1_06_2_4,0.8894577026367188
103,M1_06_2_5,0.9022064208984375
104,M1_06_2_6,0.9023857116699219
105,M1_06_3_0,0.9527626037597656
106,M1_06_3_1,0.9528388977050781
107,M1_06_3_2,0.9523429870605469
108,M1_06_3_3,0.9527702331542969
109,M1_06_3_4,0.9377403259277344
110,M1_06_3_5,0.9527969360351562
111,M1_06_3_6,0.9345436096191406
112,M1_07_0_0,0.9704170227050781
113,M1_07_0_1,0.9703407287597656
114,M1_07_0_2,0.970428466796875
115,M1_07_0_3,0.9704208374023438
116,M1_07_0_4,0.970367431640625
117,M1_07_0_5,0.970367431640625
118,M1_07_0_6,0.9703483581542969
119,M1_07_1_0,0.9691925048828125
120,M1_07_1_1,0.9691734313964844
121,M1_07_1_2,0.9692192077636719
122,M1_07_1_3,0.9691925048828125
123,M1_07_1_4,0.9780960083007812
124,M1_07_1_5,0.9735221862792969
125,M1_07_1_6,0.9870071411132812
126,M1_07_2_0,0.8658599853515625
127,M1_07_2_1,0.864959716796875
128,M1_07_2_2,0.8652572631835938
129,M1_07_2_3,0.8657951354980469
130,M1_07_2_4,0.8649406433105469
131,M1_07_2_5,0.8651199340820312
132,M1_07_2_6,0.8427543640136719
133,M1_07_3_0,0.9522285461425781
134,M1_07_3_1,0.9521141052246094
135,M1_07_3_2,0.9520797729492188
136,M1_07_3_3,0.9521942138671875
137,M1_07_3_4,0.9717445373535156
138,M1_07_3_5,0.9700164794921875
139,M1_07_3_6,0.9562110900878906
140,M1_08_0_0,0.9708709716796875
141,M1_08_0_1,0.9708175659179688
142,M1_08_0_2,0.9708595275878906
143,M1_08_0_3,0.9708976745605469
144,M1_08_0_4,0.9897727966308594
145,M1_08_0_5,0.9871749877929688
146,M1_08_0_6,0.9896888732910156
147,M1_08_1_0,0.9913291931152344
148,M1_08_1_1,0.9914016723632812
149,M1_08_1_2,0.9913673400878906
150,M1_08_1_3,0.9913368225097656
151,M1_08_1_4,0.9978294372558594
152,M1_08_1_5,0.9855003356933594
153,M1_08_1_6,0.9999160766601562
154,M1_08_2_0,0.938507080078125
155,M1_08_2_1,0.93829345703125
156,M1_08_2_2,0.9385414123535156
157,M1_08_2_3,0.9385185241699219
158,M1_08_2_4,0.9382705688476562
159,M1_08_2_5,0.9382514953613281
160,M1_08_2_6,0.9383049011230469
161,M1_08_3_0,0.91864013671875
162,M1_08_3_1,0.9187393188476562
163,M1_08_3_2,0.9186592102050781
164,M1_08_3_3,0.9186515808105469
165,M1_08_3_4,0.9215202331542969
166,M1_08_3_5,0.9317665100097656
167,M1_08_3_6,0.9280815124511719
168,M1_09_0_0,0.9681243896484375
169,M1_09_0_1,0.9681243896484375
170,M1_09_0_2,0.9680862426757812
171,M1_09_0_3,0.9681358337402344
172,M1_09_0_4,0.9682121276855469
173,M1_09_0_5,0.9874000549316406
174,M1_09_0_6,0.9677810668945312
175,M1_09_1_0,0.9324989318847656
176,M1_09_1_1,0.922210693359375
177,M1_09_1_2,0.9323158264160156
178,M1_09_1_3,0.9324874877929688
179,M1_09_1_4,0.9558563232421875
180,M1_09_1_5,0.937286376953125
181,M1_09_1_6,0.9409828186035156
182,M1_09_2_0,0.8759841918945312
183,M1_09_2_1,0.8756942749023438
184,M1_09_2_2,0.8757438659667969
185,M1_09_2_3,0.876007080078125
186,M1_09_2_4,0.8730621337890625
187,M1_09_2_5,0.8978004455566406
188,M1_09_2_6,0.86590576171875
189,M1_09_3_0,0.9252243041992188
190,M1_09_3_1,0.9227142333984375
191,M1_09_3_2,0.9242706298828125
192,M1_09_3_3,0.925201416015625
193,M1_09_3_4,0.9143753051757812
194,M1_09_3_5,0.9456863403320312
195,M1_09_3_6,0.9123649597167969
196,M1_10_0_0,0.9192085266113281
197,M1_10_0_1,0.9193344116210938
198,M1_10_0_2,0.9190330505371094
199,M1_10_0_3,0.9192161560058594
200,M1_10_0_4,0.9292984008789062
201,M1_10_0_5,0.9267234802246094
202,M1_10_0_6,0.9288864135742188
203,M1_10_1_0,0.9815521240234375
204,M1_10_1_1,0.9815521240234375
205,M1_10_1_2,0.960052490234375
206,M1_10_1_3,0.9815559387207031
207,M1_10_1_4,0.9731826782226562
208,M1_10_1_5,0.9867897033691406
209,M1_10_1_6,0.9841651916503906
210,M1_10_2_0,0.9123802185058594
211,M1_10_2_1,0.9121055603027344
212,M1_10_2_2,0.9120368957519531
213,M1_10_2_3,0.9123764038085938
214,M1_10_2_4,0.9213600158691406
215,M1_10_2_5,0.9022483825683594
216,M1_10_2_6,0.9074859619140625
217,M1_10_3_0,0.9962425231933594
218,M1_10_3_1,0.9962425231933594
219,M1_10_3_2,0.9962425231933594
220,M1_10_3_3,0.9962425231933594
221,M1_10_3_4,0.9993438720703125
222,M1_10_3_5,1.0
223,M1_10_3_6,0.9959754943847656
224,M1_11_0_0,0.9214668273925781
225,M1_11_0_1,0.9215545654296875
226,M1_11_0_2,0.9214973449707031
227,M1_11_0_3,0.9214401245117188
228,M1_11_0_4,0.9214744567871094
229,M1_11_0_5,0.9214401245117188
230,M1_11_0_6,0.9214096069335938
231,M1_11_1_0,0.9640312194824219
232,M1_11_1_1,0.96392822265625
233,M1_11_1_2,0.9633255004882812
234,M1_11_1_3,0.9639511108398438
235,M1_11_1_4,0.9502334594726562
236,M1_11_1_5,0.9491691589355469
237,M1_11_1_6,0.9583625793457031
238,M1_11_2_0,0.9259033203125
239,M1_11_2_1,0.9258460998535156
240,M1_11_2_2,0.9259223937988281
241,M1_11_2_3,0.9258918762207031
242,M1_11_2_4,0.9261703491210938
243,M1_11_2_5,0.9270362854003906
244,M1_11_2_6,0.9257583618164062
245,M1_11_3_0,0.9512901306152344
246,M1_11_3_1,0.9507827758789062
247,M1_11_3_2,0.9510612487792969
248,M1_11_3_3,0.9512939453125
249,M1_11_3_4,0.9489784240722656
250,M1_11_3_5,0.9493370056152344
251,M1_11_3_6,0.9610557556152344
252,M1_12_0_0,0.9161300659179688
253,M1_12_0_1,0.9162178039550781
254,M1_12_0_2,0.91595458984375
255,M1_12_0_3,0.9161376953125
256,M1_12_0_4,0.9198417663574219
257,M1_12_0_5,0.9201622009277344
258,M1_12_0_6,0.9161300659179688
259,M1_12_1_0,0.8928718566894531
260,M1_12_1_1,0.8929786682128906
261,M1_12_1_2,0.8930015563964844
262,M1_12_1_3,0.892822265625
263,M1_12_1_4,0.8928565979003906
264,M1_12_1_5,0.8927993774414062
265,M1_12_1_6,0.8929328918457031
266,M1_12_2_0,0.9747352600097656
267,M1_12_2_1,0.9746284484863281
268,M1_12_2_2,0.9747047424316406
269,M1_12_2_3,0.9747352600097656
270,M1_12_2_4,0.9747238159179688
271,M1_12_2_5,0.9747238159179688
272,M1_12_2_6,0.9746742248535156
273,M1_12_3_0,0.9710769653320312
274,M1_12_3_1,0.9711189270019531
275,M1_12_3_2,0.9711189270019531
276,M1_12_3_3,0.9711189270019531
277,M1_12_3_4,0.9710922241210938
278,M1_12_3_5,0.9710578918457031
279,M1_12_3_6,0.9711151123046875
280,M1_13_0_0,0.9639739990234375
281,M1_13_0_1,0.9637908935546875
282,M1_13_0_2,0.9640083312988281
283,M1_13_0_3,0.9639396667480469
284,M1_13_0_4,0.9794921875
285,M1_13_0_5,0.9698905944824219
286,M1_13_0_6,0.9729652404785156
287,M1_13_1_0,1.0
288,M1_13_1_1,0.9913253784179688
289,M1_13_1_2,1.0
290,M1_13_1_3,1.0
291,M1_13_1_4,1.0
292,M1_13_1_5,1.0
293,M1_13_1_6,0.9999923706054688
294,M1_13_2_0,0.9224128723144531
295,M1_13_2_1,0.9223785400390625
296,M1_13_2_2,0.922332763671875
297,M1_13_2_3,0.9224510192871094
298,M1_13_2_4,0.9302330017089844
299,M1_13_2_5,0.9418144226074219
300,M1_13_2_6,0.9418144226074219
301,M1_13_3_0,0.9680328369140625
302,M1_13_3_1,0.9680557250976562
303,M1_13_3_2,0.9680671691894531
304,M1_13_3_3,0.9680442810058594
305,M1_13_3_4,0.9707870483398438
306,M1_13_3_5,0.9752769470214844
307,M1_13_3_6,0.9753875732421875
308,M1_14_0_0,1.0
309,M1_14_0_1,1.0
310,M1_14_0_2,1.0
311,M1_14_0_3,1.0
312,M1_14_0_4,1.0
313,M1_14_0_5,1.0
314,M1_14_0_6,1.0
315,M1_14_1_0,0.9771080017089844
316,M1_14_1_1,0.9771003723144531
317,M1_14_1_2,0.977142333984375
318,M1_14_1_3,0.9771270751953125
319,M1_14_1_4,0.9667472839355469
320,M1_14_1_5,0.9768638610839844
321,M1_14_1_6,0.9604072570800781
322,M1_14_2_0,0.9367179870605469
323,M1_14_2_1,0.9364585876464844
324,M1_14_2_2,0.9362220764160156
325,M1_14_2_3,0.9367256164550781
326,M1_14_2_4,0.9316864013671875
327,M1_14_2_5,0.9365921020507812
328,M1_14_2_6,0.9361076354980469
329,M1_14_3_0,0.922576904296875
330,M1_14_3_1,0.92242431640625
331,M1_14_3_2,0.9223289489746094
332,M1_14_3_3,0.9225845336914062
333,M1_14_3_4,0.9223670959472656
334,M1_14_3_5,0.9227027893066406
335,M1_14_3_6,0.9201736450195312
336,M1_16_0_0,0.9882736206054688
337,M1_16_0_1,0.9882698059082031
338,M1_16_0_2,0.9882698059082031
339,M1_16_0_3,0.9882736206054688
340,M1_16_0_4,0.9855537414550781
341,M1_16_0_5,0.9931564331054688
342,M1_16_0_6,0.99725341796875
343,M1_16_1_0,0.9462471008300781
344,M1_16_1_1,0.946258544921875
345,M1_16_1_2,0.9462890625
346,M1_16_1_3,0.9462242126464844
347,M1_16_1_4,0.9864120483398438
348,M1_16_1_5,0.9279212951660156
349,M1_16_1_6,0.9817581176757812
350,M1_16_2_0,0.8837661743164062
351,M1_16_2_1,0.8837661743164062
352,M1_16_2_2,0.8837013244628906
353,M1_16_2_3,0.8837928771972656
354,M1_16_2_4,0.861358642578125
355,M1_16_2_5,0.8884506225585938
356,M1_16_2_6,0.8842887878417969
357,M1_16_3_0,0.9148521423339844
358,M1_16_3_1,0.9147262573242188
359,M1_16_3_2,0.9149246215820312
360,M1_16_3_3,0.9148521423339844
361,M1_16_3_4,0.9145050048828125
362,M1_16_3_5,0.9394798278808594
363,M1_16_3_6,0.9211235046386719
364,M1_17_0_0,0.9759101867675781
365,M1_17_0_1,0.9758834838867188
366,M1_17_0_2,0.9759483337402344
367,M1_17_0_3,0.9759063720703125
368,M1_17_0_4,0.9805641174316406
369,M1_17_0_5,0.9754753112792969
370,M1_17_0_6,0.9555130004882812
371,M1_17_1_0,0.9545631408691406
372,M1_17_1_1,0.9545173645019531
373,M1_17_1_2,0.954437255859375
374,M1_17_1_3,0.9544792175292969
375,M1_17_1_4,0.9507064819335938
376,M1_17_1_5,0.9548072814941406
377,M1_17_1_6,0.9504623413085938
378,M1_17_2_0,0.90869140625
379,M1_17_2_1,0.9083175659179688
380,M1_17_2_2,0.9086532592773438
381,M1_17_2_3,0.9087333679199219
382,M1_17_2_4,0.9008827209472656
383,M1_17_2_5,0.9078254699707031
384,M1_17_2_6,0.9141159057617188
385,M1_17_3_0,0.8994827270507812
386,M1_17_3_1,0.8993988037109375
387,M1_17_3_2,0.8993072509765625
388,M1_17_3_3,0.8993263244628906
389,M1_17_3_4,0.883148193359375
390,M1_17_3_5,0.9050178527832031
391,M1_17_3_6,0.8984642028808594
392,M1_18_0_0,0.9943809509277344
393,M1_18_0_1,0.9943885803222656
394,M1_18_0_2,0.99432373046875
395,M1_18_0_3,0.9943771362304688
396,M1_18_0_4,0.9934120178222656
397,M1_18_0_5,0.9898262023925781
398,M1_18_0_6,0.9892234802246094
399,M1_18_1_0,0.9169158935546875
400,M1_18_1_1,0.9168624877929688
401,M1_18_1_2,0.9168434143066406
402,M1_18_1_3,0.9169044494628906
403,M1_18_1_4,0.91436767578125
404,M1_18_1_5,0.9166488647460938
405,M1_18_1_6,0.9176864624023438
406,M1_18_2_0,1.0
407,M1_18_2_1,1.0
408,M1_18_2_2,1.0
409,M1_18_2_3,1.0
410,M1_18_2_4,1.0
411,M1_18_2_5,1.0
412,M1_18_2_6,1.0
413,M1_18_3_0,0.9151535034179688
414,M1_18_3_1,0.9152145385742188
415,M1_18_3_2,0.9151840209960938
416,M1_18_3_3,0.915191650390625
417,M1_18_3_4,0.8993453979492188
418,M1_18_3_5,0.9021492004394531
419,M1_18_3_6,0.91326904296875
420,M1_19_0_0,0.96771240234375
421,M1_19_0_1,0.9677238464355469
422,M1_19_0_2,0.9675941467285156
423,M1_19_0_3,0.9677200317382812
424,M1_19_0_4,0.9676399230957031
425,M1_19_0_5,0.9652290344238281
426,M1_19_0_6,0.9831085205078125
427,M1_19_1_0,0.923370361328125
428,M1_19_1_1,0.9230918884277344
429,M1_19_1_2,0.9232711791992188
430,M1_19_1_3,0.9233932495117188
431,M1_19_1_4,0.914703369140625
432,M1_19_1_5,0.9395675659179688
433,M1_19_1_6,0.9371070861816406
434,M1_19_2_0,0.9511947631835938
435,M1_19_2_1,0.9512672424316406
436,M1_19_2_2,0.9441413879394531
437,M1_19_2_3,0.9511909484863281
438,M1_19_2_4,0.9550857543945312
439,M1_19_2_5,0.9515228271484375
440,M1_19_2_6,0.9500999450683594
441,M1_19_3_0,0.9961814880371094
442,M1_19_3_1,0.9961814880371094
443,M1_19_3_2,0.9961776733398438
444,M1_19_3_3,0.9961814880371094
445,M1_19_3_4,0.9999885559082031
446,M1_19_3_5,0.9925880432128906
447,M1_19_3_6,0.9991722106933594
448,M1_20_0_0,0.9331169128417969
449,M1_20_0_1,0.9329833984375
450,M1_20_0_2,0.9330024719238281
451,M1_20_0_3,0.9330368041992188
452,M1_20_0_4,0.9067764282226562
453,M1_20_0_5,0.8997993469238281
454,M1_20_0_6,0.9294395446777344
455,M1_20_1_0,0.97845458984375
456,M1_20_1_1,0.9783821105957031
457,M1_20_1_2,0.9783859252929688
458,M1_20_1_3,0.9784088134765625
459,M1_20_1_4,0.9786109924316406
460,M1_20_1_5,0.9708404541015625
461,M1_20_1_6,0.9783210754394531
462,M1_20_2_0,0.9125595092773438
463,M1_20_2_1,0.9124565124511719
464,M1_20_2_2,0.9126091003417969
465,M1_20_2_3,0.9125480651855469
466,M1_20_2_4,0.9381332397460938
467,M1_20_2_5,0.938720703125
468,M1_20_2_6,0.9099693298339844
469,M1_20_3_0,1.0
470,M1_20_3_1,1.0
471,M1_20_3_2,1.0
472,M1_20_3_3,1.0
473,M1_20_3_4,0.9996719360351562
474,M1_20_3_5,1.0
475,M1_20_3_6,1.0
476,M1_23_0_0,0.9657325744628906
477,M1_23_0_1,0.965576171875
478,M1_23_0_2,0.9656562805175781
479,M1_23_0_3,0.9658088684082031
480,M1_23_0_4,0.9488639831542969
481,M1_23_0_5,0.970123291015625
482,M1_23_0_6,0.9677543640136719
483,M1_23_1_0,0.9652175903320312
484,M1_23_1_1,0.9651145935058594
485,M1_23_1_2,0.9650192260742188
486,M1_23_1_3,0.9652099609375
487,M1_23_1_4,0.9649467468261719
488,M1_23_1_5,0.9651565551757812
489,M1_23_1_6,0.9649848937988281
490,M1_23_2_0,0.8970375061035156
491,M1_23_2_1,0.8968582153320312
492,M1_23_2_2,0.8968162536621094
493,M1_23_2_3,0.8969688415527344
494,M1_23_2_4,0.8954887390136719
495,M1_23_2_5,0.8912925720214844
496,M1_23_2_6,0.8689308166503906
497,M1_23_3_0,0.9026985168457031
498,M1_23_3_1,0.9027099609375
499,M1_23_3_2,0.902618408203125
500,M1_23_3_3,0.9026947021484375
501,M1_23_3_4,0.9236488342285156
502,M1_23_3_5,0.895263671875
503,M1_23_3_6,0.9293708801269531
504,M1_25_0_0,0.9168281555175781
505,M1_25_0_1,0.9166984558105469
506,M1_25_0_2,0.91680908203125
507,M1_25_0_3,0.9168052673339844
508,M1_25_0_4,0.9123992919921875
509,M1_25_0_5,0.8976249694824219
510,M1_25_0_6,0.9177207946777344
511,M1_25_1_0,0.9935417175292969
512,M1_25_1_1,0.9935531616210938
513,M1_25_1_2,0.9935760498046875
514,M1_25_1_3,0.9935417175292969
515,M1_25_1_4,0.9942283630371094
516,M1_25_1_5,0.9935836791992188
517,M1_25_1_6,0.9932708740234375
518,M1_25_2_0,0.9250717163085938
519,M1_25_2_1,0.9249305725097656
520,M1_25_2_2,0.9250831604003906
521,M1_25_2_3,0.9250717163085938
522,M1_25_2_4,0.9148521423339844
523,M1_25_2_5,0.9219398498535156
524,M1_25_2_6,0.9354400634765625
525,M1_25_3_0,0.9594573974609375
526,M1_25_3_1,0.9594688415527344
527,M1_25_3_2,0.9594802856445312
528,M1_25_3_3,0.9594612121582031
529,M1_25_3_4,0.9554672241210938
530,M1_25_3_5,0.9504356384277344
531,M1_25_3_6,0.9578781127929688
532,M1_26_0_0,0.9242515563964844
533,M1_26_0_1,0.9242057800292969
534,M1_26_0_2,0.9241981506347656
535,M1_26_0_3,0.9242591857910156
536,M1_26_0_4,0.942596435546875
537,M1_26_0_5,0.9426040649414062
538,M1_26_0_6,0.9425697326660156
539,M1_26_1_0,0.9024658203125
540,M1_26_1_1,0.9023399353027344
541,M1_26_1_2,0.9026756286621094
542,M1_26_1_3,0.9023704528808594
543,M1_26_1_4,0.8935432434082031
544,M1_26_1_5,0.9023513793945312
545,M1_26_1_6,0.9058723449707031
546,M1_26_2_0,0.9838485717773438
547,M1_26_2_1,0.9837913513183594
548,M1_26_2_2,0.9838523864746094
549,M1_26_2_3,0.9838676452636719
550,M1_26_2_4,0.9840431213378906
551,M1_26_2_5,0.9934349060058594
552,M1_26_2_6,0.9852752685546875
553,M1_26_3_0,0.9193611145019531
554,M1_26_3_1,0.9172134399414062
555,M1_26_3_2,0.9148597717285156
556,M1_26_3_3,0.9194068908691406
557,M1_26_3_4,0.9293937683105469
558,M1_26_3_5,0.9448089599609375
559,M1_26_3_6,0.9418869018554688
560,M1_27_0_0,1.0
561,M1_27_0_1,1.0
562,M1_27_0_2,1.0
563,M1_27_0_3,1.0
564,M1_27_0_4,1.0
565,M1_27_0_5,1.0
566,M1_27_0_6,1.0
567,M1_27_1_0,0.9759330749511719
568,M1_27_1_1,0.9763298034667969
569,M1_27_1_2,0.9763450622558594
570,M1_27_1_3,0.9759941101074219
571,M1_27_1_4,0.988433837890625
572,M1_27_1_5,0.9708251953125
573,M1_27_1_6,0.9994735717773438
574,M1_27_2_0,0.9486656188964844
575,M1_27_2_1,0.948822021484375
576,M1_27_2_2,0.9487457275390625
577,M1_27_2_3,0.9487724304199219
578,M1_27_2_4,0.9484977722167969
579,M1_27_2_5,0.9364166259765625
580,M1_27_2_6,0.9396591186523438
581,M1_27_3_0,0.8882293701171875
582,M1_27_3_1,0.8879432678222656
583,M1_27_3_2,0.8881416320800781
584,M1_27_3_3,0.8881988525390625
585,M1_27_3_4,0.8893394470214844
586,M1_27_3_5,0.8991775512695312
587,M1_27_3_6,0.8920974731445312
588,M1_28_0_0,0.8776779174804688
589,M1_28_0_1,0.8773956298828125
590,M1_28_0_2,0.8773880004882812
591,M1_28_0_3,0.87762451171875
592,M1_28_0_4,0.8754463195800781
593,M1_28_0_5,0.8736991882324219
594,M1_28_0_6,0.8836517333984375
595,M1_28_1_0,1.0
596,M1_28_1_1,1.0
597,M1_28_1_2,1.0
598,M1_28_1_3,1.0
599,M1_28_1_4,1.0
600,M1_28_1_5,1.0
601,M1_28_1_6,1.0
602,M1_28_2_0,0.9870872497558594
603,M1_28_2_1,0.9871139526367188
604,M1_28_2_2,0.9871139526367188
605,M1_28_2_3,0.9870872497558594
606,M1_28_2_4,0.9871177673339844
607,M1_28_2_5,0.9869956970214844
608,M1_28_2_6,0.9870758056640625
609,M1_28_3_0,1.0
610,M1_28_3_1,1.0
611,M1_28_3_2,1.0
612,M1_28_3_3,1.0
613,M1_28_3_4,1.0
614,M1_28_3_5,1.0
615,M1_28_3_6,1.0
616,M1_29_0_0,1.0
617,M1_29_0_1,1.0
618,M1_29_0_2,0.9997940063476562
619,M1_29_0_3,1.0
620,M1_29_0_4,1.0
621,M1_29_0_5,1.0
622,M1_29_0_6,1.0
623,M1_29_1_0,0.9677848815917969
624,M1_29_1_1,0.9678001403808594
625,M1_29_1_2,0.9678840637207031
626,M1_29_1_3,0.9678001403808594
627,M1_29_1_4,0.9770240783691406
628,M1_29_1_5,0.9797630310058594
629,M1_29_1_6,0.9678268432617188
630,M1_29_2_0,0.8868789672851562
631,M1_29_2_1,0.8868026733398438
632,M1_29_2_2,0.8867607116699219
633,M1_29_2_3,0.8868751525878906
634,M1_29_2_4,0.8895835876464844
635,M1_29_2_5,0.8361549377441406
636,M1_29_2_6,0.8875846862792969
637,M1_29_3_0,0.99920654296875
638,M1_29_3_1,0.99920654296875
639,M1_29_3_2,0.99920654296875
640,M1_29_3_3,0.99920654296875
641,M1_29_3_4,0.9986228942871094
642,M1_29_3_5,0.9999847412109375
643,M1_29_3_6,0.9986190795898438
644,M1_31_0_0,0.9585838317871094
645,M1_31_0_1,0.9585418701171875
646,M1_31_0_2,0.9585838317871094
647,M1_31_0_3,0.9586029052734375
648,M1_31_0_4,0.9662857055664062
649,M1_31_0_5,0.9469642639160156
650,M1_31_0_6,0.9469375610351562
651,M1_31_1_0,0.9483222961425781
652,M1_31_1_1,0.9482803344726562
653,M1_31_1_2,0.9479446411132812
654,M1_31_1_3,0.9482803344726562
655,M1_31_1_4,0.9337844848632812
656,M1_31_1_5,0.9273300170898438
657,M1_31_1_6,0.9228096008300781
658,M1_31_2_0,0.9873275756835938
659,M1_31_2_1,0.9873313903808594
660,M1_31_2_2,0.9873428344726562
661,M1_31_2_3,0.9873237609863281
662,M1_31_2_4,0.9972953796386719
663,M1_31_2_5,0.9790191650390625
664,M1_31_2_6,0.9958457946777344
665,M1_31_3_0,0.8892745971679688
666,M1_31_3_1,0.8885879516601562
667,M1_31_3_2,0.8888893127441406
668,M1_31_3_3,0.8892745971679688
669,M1_31_3_4,0.9146347045898438
670,M1_31_3_5,0.9114189147949219
671,M1_31_3_6,0.9187545776367188
672,M1_32_0_0,0.9725112915039062
673,M1_32_0_1,0.9725189208984375
674,M1_32_0_2,0.9724502563476562
675,M1_32_0_3,0.9725341796875
676,M1_32_0_4,0.9513435363769531
677,M1_32_0_5,0.9734687805175781
678,M1_32_0_6,0.9723434448242188
679,M1_32_1_0,0.8313560485839844
680,M1_32_1_1,0.8312034606933594
681,M1_32_1_2,0.8313865661621094
682,M1_32_1_3,0.8313407897949219
683,M1_32_1_4,0.8243370056152344
684,M1_32_1_5,0.8124008178710938
685,M1_32_1_6,0.8311424255371094
686,M1_32_2_0,0.9502792358398438
687,M1_32_2_1,0.9502296447753906
688,M1_32_2_2,0.9502944946289062
689,M1_32_2_3,0.9502792358398438
690,M1_32_2_4,0.9469223022460938
691,M1_32_2_5,0.9501724243164062
692,M1_32_2_6,0.9501876831054688
693,M1_32_3_0,0.9707565307617188
694,M1_32_3_1,0.9707450866699219
695,M1_32_3_2,0.9708061218261719
696,M1_32_3_3,0.9707794189453125
697,M1_32_3_4,0.9514884948730469
698,M1_32_3_5,0.9665565490722656
699,M1_32_3_6,0.9614334106445312
700,M1_33_0_0,1.0
701,M1_33_0_1,1.0
702,M1_33_0_2,1.0
703,M1_33_0_3,1.0
704,M1_33_0_4,1.0
705,M1_33_0_5,1.0
706,M1_33_0_6,1.0
707,M1_33_1_0,0.9613685607910156
708,M1_33_1_1,0.9611320495605469
709,M1_33_1_2,0.9613990783691406
710,M1_33_1_3,0.9613533020019531
711,M1_33_1_4,0.9494209289550781
712,M1_33_1_5,0.9592094421386719
713,M1_33_1_6,0.9524269104003906
714,M1_33_2_0,0.950042724609375
715,M1_33_2_1,0.9500541687011719
716,M1_33_2_2,0.9499893188476562
717,M1_33_2_3,0.9500274658203125
718,M1_33_2_4,0.9363365173339844
719,M1_33_2_5,0.9239311218261719
720,M1_33_2_6,0.9496955871582031
721,M1_33_3_0,1.0
722,M1_33_3_1,1.0
723,M1_33_3_2,1.0
724,M1_33_3_3,1.0
725,M1_33_3_4,1.0
726,M1_33_3_5,1.0
727,M1_33_3_6,1.0
728,M1_34_0_0,0.9518394470214844
729,M1_34_0_1,0.9518241882324219
730,M1_34_0_2,0.9514808654785156
731,M1_34_0_3,0.9518280029296875
732,M1_34_0_4,0.9283065795898438
733,M1_34_0_5,0.9514961242675781
734,M1_34_0_6,0.9569740295410156
735,M1_34_1_0,0.9687614440917969
736,M1_34_1_1,0.9687385559082031
737,M1_34_1_2,0.9687652587890625
738,M1_34_1_3,0.9687385559082031
739,M1_34_1_4,0.9687004089355469
740,M1_34_1_5,0.9687576293945312
741,M1_34_1_6,0.9687118530273438
742,M1_34_2_0,0.9509010314941406
743,M1_34_2_1,0.95062255859375
744,M1_34_2_2,0.9509162902832031
745,M1_34_2_3,0.9508895874023438
746,M1_34_2_4,0.9512901306152344
747,M1_34_2_5,0.9481048583984375
748,M1_34_2_6,0.9441909790039062
749,M1_34_3_0,0.9716453552246094
750,M1_34_3_1,0.9716300964355469
751,M1_34_3_2,0.9716415405273438
752,M1_34_3_3,0.9716148376464844
753,M1_34_3_4,0.9715843200683594
754,M1_34_3_5,0.9681396484375
755,M1_34_3_6,0.9724960327148438
756,M1_35_0_0,1.0
757,M1_35_0_1,1.0
758,M1_35_0_2,1.0
759,M1_35_0_3,1.0
760,M1_35_0_4,1.0
761,M1_35_0_5,1.0
762,M1_35_0_6,1.0
763,M1_35_1_0,0.9615364074707031
764,M1_35_1_1,0.9614982604980469
765,M1_35_1_2,0.9615020751953125
766,M1_35_1_3,0.9614906311035156
767,M1_35_1_4,0.9613800048828125
768,M1_35_1_5,0.9614028930664062
769,M1_35_1_6,0.961273193359375
770,M1_35_2_0,0.9504470825195312
771,M1_35_2_1,0.9502677917480469
772,M1_35_2_2,0.9503326416015625
773,M1_35_2_3,0.9504318237304688
774,M1_35_2_4,0.9399032592773438
775,M1_35_2_5,0.9501914978027344
776,M1_35_2_6,0.9503288269042969
777,M1_35_3_0,0.9636878967285156
778,M1_35_3_1,0.9637947082519531
779,M1_35_3_2,0.9635887145996094
780,M1_35_3_3,0.9636726379394531
781,M1_35_3_4,0.9635200500488281
782,M1_35_3_5,0.96343994140625
783,M1_35_3_6,0.9636917114257812
784,M1_36_0_0,0.9216270446777344
785,M1_36_0_1,0.9216842651367188
786,M1_36_0_2,0.9218635559082031
787,M1_36_0_3,0.9216537475585938
788,M1_36_0_4,0.9213638305664062
789,M1_36_0_5,0.9026908874511719
790,M1_36_0_6,0.9220848083496094
791,M1_36_1_0,0.9722366333007812
792,M1_36_1_1,0.9722633361816406
793,M1_36_1_2,0.9721603393554688
794,M1_36_1_3,0.9722213745117188
795,M1_36_1_4,0.972198486328125
796,M1_36_1_5,0.9722175598144531
797,M1_36_1_6,0.9721908569335938
798,M1_36_2_0,0.9696846008300781
799,M1_36_2_1,0.9698448181152344
800,M1_36_2_2,0.9693107604980469
801,M1_36_2_3,0.9696540832519531
802,M1_36_2_4,0.95550537109375
803,M1_36_2_5,0.9630584716796875
804,M1_36_2_6,0.9776420593261719
805,M1_36_3_0,0.9152946472167969
806,M1_36_3_1,0.9152030944824219
807,M1_36_3_2,0.9151229858398438
808,M1_36_3_3,0.9151954650878906
809,M1_36_3_4,0.9196052551269531
810,M1_36_3_5,0.9309539794921875
811,M1_36_3_6,0.9175224304199219
812,M1_42_0_0,0.9389686584472656
813,M1_42_0_1,0.9388504028320312
814,M1_42_0_2,0.939056396484375
815,M1_42_0_3,0.9389839172363281
816,M1_42_0_4,0.9250411987304688
817,M1_42_0_5,0.91754150390625
818,M1_42_0_6,0.9371833801269531
819,M1_42_1_0,0.9378814697265625
820,M1_42_1_1,0.9377517700195312
821,M1_42_1_2,0.9378242492675781
822,M1_42_1_3,0.9378929138183594
823,M1_42_1_4,0.9378814697265625
824,M1_42_1_5,0.9372444152832031
825,M1_42_1_6,0.9378662109375
826,M1_42_2_0,1.0
827,M1_42_2_1,1.0
828,M1_42_2_2,1.0
829,M1_42_2_3,1.0
830,M1_42_2_4,1.0
831,M1_42_2_5,1.0
832,M1_42_2_6,1.0
833,M1_42_3_0,0.969329833984375
834,M1_42_3_1,0.9694366455078125
835,M1_42_3_2,0.9693717956542969
836,M1_42_3_3,0.9693412780761719
837,M1_42_3_4,0.9620857238769531
838,M1_42_3_5,0.9694099426269531
839,M1_42_3_6,0.9687385559082031
840,M1_43_0_0,0.904296875
841,M1_43_0_1,0.9032516479492188
842,M1_43_0_2,0.9028816223144531
843,M1_43_0_3,0.9043426513671875
844,M1_43_0_4,0.9025688171386719
845,M1_43_0_5,0.8855094909667969
846,M1_43_0_6,0.8679771423339844
847,M1_43_1_0,1.0
848,M1_43_1_1,1.0
849,M1_43_1_2,1.0
850,M1_43_1_3,1.0
851,M1_43_1_4,1.0
852,M1_43_1_5,1.0
853,M1_43_1_6,1.0
854,M1_43_2_0,0.9538917541503906
855,M1_43_2_1,0.9533920288085938
856,M1_43_2_2,0.9538726806640625
857,M1_43_2_3,0.9539070129394531
858,M1_43_2_4,0.9583358764648438
859,M1_43_2_5,0.9567832946777344
860,M1_43_2_6,0.9585418701171875
861,M1_43_3_0,0.8789863586425781
862,M1_43_3_1,0.8789253234863281
863,M1_43_3_2,0.8788070678710938
864,M1_43_3_3,0.8790016174316406
865,M1_43_3_4,0.8736763000488281
866,M1_43_3_5,0.90594482421875
867,M1_43_3_6,0.8426170349121094
868,M2_01_0_0,0.9557456970214844
869,M2_01_0_1,0.9557533264160156
870,M2_01_0_2,0.9557228088378906
871,M2_01_0_3,0.9557380676269531
872,M2_01_0_4,0.9594650268554688
873,M2_01_0_5,0.9451026916503906
874,M2_01_0_6,0.9398880004882812
875,M2_01_1_0,0.9064140319824219
876,M2_01_1_1,0.9062538146972656
877,M2_01_1_2,0.9058647155761719
878,M2_01_1_3,0.9064369201660156
879,M2_01_1_4,0.88330078125
880,M2_01_1_5,0.8824195861816406
881,M2_01_1_6,0.8948898315429688
882,M2_01_2_0,1.0
883,M2_01_2_1,1.0
884,M2_01_2_2,1.0
885,M2_01_2_3,1.0
886,M2_01_2_4,1.0
887,M2_01_2_5,1.0
888,M2_01_2_6,1.0
889,M2_01_3_0,0.9528694152832031
890,M2_01_3_1,0.9529838562011719
891,M2_01_3_2,0.9530029296875
892,M2_01_3_3,0.9528846740722656
893,M2_01_3_4,0.9342384338378906
894,M2_01_3_5,0.9511985778808594
895,M2_01_3_6,0.951995849609375
896,M2_02_0_0,1.0
897,M2_02_0_1,1.0
898,M2_02_0_2,1.0
899,M2_02_0_3,1.0
900,M2_02_0_4,1.0
901,M2_02_0_5,1.0
902,M2_02_0_6,1.0
903,M2_02_1_0,1.0
904,M2_02_1_1,1.0
905,M2_02_1_2,1.0
906,M2_02_1_3,1.0
907,M2_02_1_4,1.0
908,M2_02_1_5,1.0
909,M2_02_1_6,1.0
910,M2_02_2_0,0.8391304016113281
911,M2_02_2_1,0.8391647338867188
912,M2_02_2_2,0.8394508361816406
913,M2_02_2_3,0.8390846252441406
914,M2_02_2_4,0.8425064086914062
915,M2_02_2_5,0.8561210632324219
916,M2_02_2_6,0.8633079528808594
917,M2_02_3_0,0.9576683044433594
918,M2_02_3_1,0.9575538635253906
919,M2_02_3_2,0.957611083984375
920,M2_02_3_3,0.957672119140625
921,M2_02_3_4,0.9566230773925781
922,M2_02_3_5,0.9533233642578125
923,M2_02_3_6,0.9574432373046875
924,M2_03_0_0,0.8314590454101562
925,M2_03_0_1,0.8312263488769531
926,M2_03_0_2,0.8315200805664062
927,M2_03_0_3,0.8314247131347656
928,M2_03_0_4,0.81951904296875
929,M2_03_0_5,0.8311920166015625
930,M2_03_0_6,0.8308219909667969
931,M2_03_1_0,1.0
932,M2_03_1_1,1.0
933,M2_03_1_2,1.0
934,M2_03_1_3,1.0
935,M2_03_1_4,1.0
936,M2_03_1_5,1.0
937,M2_03_1_6,1.0
938,M2_03_2_0,0.9229469299316406
939,M2_03_2_1,0.9227104187011719
940,M2_03_2_2,0.9227867126464844
941,M2_03_2_3,0.922943115234375
942,M2_03_2_4,0.9166831970214844
943,M2_03_2_5,0.9091873168945312
944,M2_03_2_6,0.9119415283203125
945,M2_03_3_0,1.0
946,M2_03_3_1,1.0
947,M2_03_3_2,1.0
948,M2_03_3_3,1.0
949,M2_03_3_4,1.0
950,M2_03_3_5,1.0
951,M2_03_3_6,1.0
952,M2_04_0_0,0.9311141967773438
953,M2_04_0_1,0.9306373596191406
954,M2_04_0_2,0.9310760498046875
955,M2_04_0_3,0.9310951232910156
956,M2_04_0_4,0.9309806823730469
957,M2_04_0_5,0.9289016723632812
958,M2_04_0_6,0.9365577697753906
959,M2_04_1_0,1.0
960,M2_04_1_1,1.0
961,M2_04_1_2,1.0
962,M2_04_1_3,1.0
963,M2_04_1_4,1.0
964,M2_04_1_5,1.0
965,M2_04_1_6,1.0
966,M2_04_2_0,1.0
967,M2_04_2_1,1.0
968,M2_04_2_2,1.0
969,M2_04_2_3,1.0
970,M2_04_2_4,1.0
971,M2_04_2_5,1.0
972,M2_04_2_6,1.0
973,M2_04_3_0,0.9527549743652344
974,M2_04_3_1,0.9526748657226562
975,M2_04_3_2,0.9527244567871094
976,M2_04_3_3,0.9527091979980469
977,M2_04_3_4,0.9756965637207031
978,M2_04_3_5,0.9517326354980469
979,M2_04_3_6,0.9763565063476562
980,M2_05_0_0,0.9523773193359375
981,M2_05_0_1,0.9522514343261719
982,M2_05_0_2,0.9522018432617188
983,M2_05_0_3,0.9523811340332031
984,M2_05_0_4,0.9821510314941406
985,M2_05_0_5,0.9669075012207031
986,M2_05_0_6,0.9596405029296875
987,M2_05_1_0,0.9665603637695312
988,M2_05_1_1,0.966644287109375
989,M2_05_1_2,0.9666671752929688
990,M2_05_1_3,0.9665603637695312
991,M2_05_1_4,0.9666633605957031
992,M2_05_1_5,0.9667778015136719
993,M2_05_1_6,0.9667587280273438
994,M2_05_2_0,0.9471664428710938
995,M2_05_2_1,0.9471817016601562
996,M2_05_2_2,0.9473915100097656
997,M2_05_2_3,0.9472122192382812
998,M2_05_2_4,0.9536056518554688
999,M2_05_2_5,0.9577980041503906
1000,M2_05_2_6,0.9448966979980469
1001,M2_05_3_0,0.9489212036132812
1002,M2_05_3_1,0.9487457275390625
1003,M2_05_3_2,0.9488410949707031
1004,M2_05_3_3,0.9489212036132812
1005,M2_05_3_4,0.948822021484375
1006,M2_05_3_5,0.9379730224609375
1007,M2_05_3_6,0.93804931640625
1008,M2_06_0_0,1.0
1009,M2_06_0_1,1.0
1010,M2_06_0_2,1.0
1011,M2_06_0_3,1.0
1012,M2_06_0_4,1.0
1013,M2_06_0_5,1.0
1014,M2_06_0_6,1.0
1015,M2_06_1_0,0.9407119750976562
1016,M2_06_1_1,0.9408111572265625
1017,M2_06_1_2,0.9406814575195312
1018,M2_06_1_3,0.94073486328125
1019,M2_06_1_4,0.940826416015625
1020,M2_06_1_5,0.9331398010253906
1021,M2_06_1_6,0.9338264465332031
1022,M2_06_2_0,0.9285545349121094
1023,M2_06_2_1,0.9283714294433594
1024,M2_06_2_2,0.9283943176269531
1025,M2_06_2_3,0.9285430908203125
1026,M2_06_2_4,0.928497314453125
1027,M2_06_2_5,0.9279556274414062
1028,M2_06_2_6,0.9238128662109375
1029,M2_06_3_0,1.0
1030,M2_06_3_1,1.0
1031,M2_06_3_2,1.0
1032,M2_06_3_3,1.0
1033,M2_06_3_4,1.0
1034,M2_06_3_5,1.0
1035,M2_06_3_6,1.0
1036,M2_07_0_0,1.0
1037,M2_07_0_1,1.0
1038,M2_07_0_2,1.0
1039,M2_07_0_3,1.0
1040,M2_07_0_4,1.0
1041,M2_07_0_5,1.0
1042,M2_07_0_6,1.0
1043,M2_07_1_0,1.0
1044,M2_07_1_1,1.0
1045,M2_07_1_2,1.0
1046,M2_07_1_3,1.0
1047,M2_07_1_4,1.0
1048,M2_07_1_5,1.0
1049,M2_07_1_6,1.0
1050,M2_07_2_0,0.9120903015136719
1051,M2_07_2_1,0.9122047424316406
1052,M2_07_2_2,0.9119606018066406
1053,M2_07_2_3,0.9120559692382812
1054,M2_07_2_4,0.9014625549316406
1055,M2_07_2_5,0.905059814453125
1056,M2_07_2_6,0.9139060974121094
1057,M2_07_3_0,0.9600715637207031
1058,M2_07_3_1,0.9600334167480469
1059,M2_07_3_2,0.9600143432617188
1060,M2_07_3_3,0.9600601196289062
1061,M2_07_3_4,0.9546966552734375
1062,M2_07_3_5,0.9539413452148438
1063,M2_07_3_6,0.9600334167480469
1064,M2_08_0_0,0.9702033996582031
1065,M2_08_0_1,0.9702186584472656
1066,M2_08_0_2,0.9702033996582031
1067,M2_08_0_3,0.9702033996582031
1068,M2_08_0_4,0.9672126770019531
1069,M2_08_0_5,0.9701461791992188
1070,M2_08_0_6,0.9701080322265625
1071,M2_08_1_0,1.0
1072,M2_08_1_1,1.0
1073,M2_08_1_2,1.0
1074,M2_08_1_3,1.0
1075,M2_08_1_4,1.0
1076,M2_08_1_5,1.0
1077,M2_08_1_6,1.0
1078,M2_08_2_0,1.0
1079,M2_08_2_1,1.0
1080,M2_08_2_2,1.0
1081,M2_08_2_3,1.0
1082,M2_08_2_4,1.0
1083,M2_08_2_5,1.0
1084,M2_08_2_6,1.0
1085,M2_08_3_0,0.88983154296875
1086,M2_08_3_1,0.8897552490234375
1087,M2_08_3_2,0.8897781372070312
1088,M2_08_3_3,0.8897476196289062
1089,M2_08_3_4,0.8746452331542969
1090,M2_08_3_5,0.8895187377929688
1091,M2_08_3_6,0.8894424438476562
1092,M2_09_0_0,1.0
1093,M2_09_0_1,1.0
1094,M2_09_0_2,1.0
1095,M2_09_0_3,1.0
1096,M2_09_0_4,1.0
1097,M2_09_0_5,1.0
1098,M2_09_0_6,1.0
1099,M2_09_1_0,0.9591789245605469
1100,M2_09_1_1,0.9591102600097656
1101,M2_09_1_2,0.9591522216796875
1102,M2_09_1_3,0.9591903686523438
1103,M2_09_1_4,0.9538307189941406
1104,M2_09_1_5,0.9658546447753906
1105,M2_09_1_6,0.9584007263183594
1106,M2_09_2_0,0.8282012939453125
1107,M2_09_2_1,0.8280029296875
1108,M2_09_2_2,0.8280220031738281
1109,M2_09_2_3,0.8282470703125
1110,M2_09_2_4,0.8275146484375
1111,M2_09_2_5,0.8283538818359375
1112,M2_09_2_6,0.8276023864746094
1113,M2_09_3_0,1.0
1114,M2_09_3_1,1.0
1115,M2_09_3_2,1.0
1116,M2_09_3_3,1.0
1117,M2_09_3_4,1.0
1118,M2_09_3_5,1.0
1119,M2_09_3_6,1.0
1120,M2_10_0_0,0.9378471374511719
1121,M2_10_0_1,0.9377479553222656
1122,M2_10_0_2,0.9377479553222656
1123,M2_10_0_3,0.9378547668457031
1124,M2_10_0_4,0.93487548828125
1125,M2_10_0_5,0.9245643615722656
1126,M2_10_0_6,0.91790771484375
1127,M2_10_1_0,0.9731483459472656
1128,M2_10_1_1,0.9731521606445312
1129,M2_10_1_2,0.97314453125
1130,M2_10_1_3,0.97314453125
1131,M2_10_1_4,0.9688262939453125
1132,M2_10_1_5,0.9746360778808594
1133,M2_10_1_6,0.9693069458007812
1134,M2_10_2_0,0.9842147827148438
1135,M2_10_2_1,0.9841270446777344
1136,M2_10_2_2,0.984222412109375
1137,M2_10_2_3,0.984222412109375
1138,M2_10_2_4,0.9841804504394531
1139,M2_10_2_5,0.9842071533203125
1140,M2_10_2_6,0.9842109680175781
1141,M2_10_3_0,0.7727241516113281
1142,M2_10_3_1,0.7724189758300781
1143,M2_10_3_2,0.7728195190429688
1144,M2_10_3_3,0.7727928161621094
1145,M2_10_3_4,0.7655487060546875
1146,M2_10_3_5,0.771514892578125
1147,M2_10_3_6,0.7705345153808594
1148,M2_11_0_0,0.9014854431152344
1149,M2_11_0_1,0.9011650085449219
1150,M2_11_0_2,0.9015846252441406
1151,M2_11_0_3,0.9015045166015625
1152,M2_11_0_4,0.9037704467773438
1153,M2_11_0_5,0.8995170593261719
1154,M2_11_0_6,0.9037704467773438
1155,M2_11_1_0,0.9328651428222656
1156,M2_11_1_1,0.9327011108398438
1157,M2_11_1_2,0.9329757690429688
1158,M2_11_1_3,0.9328689575195312
1159,M2_11_1_4,0.9322013854980469
1160,M2_11_1_5,0.9331932067871094
1161,M2_11_1_6,0.9247398376464844
1162,M2_11_2_0,0.9437942504882812
1163,M2_11_2_1,0.9435997009277344
1164,M2_11_2_2,0.9438514709472656
1165,M2_11_2_3,0.9438400268554688
1166,M2_11_2_4,0.931060791015625
1167,M2_11_2_5,0.9252700805664062
1168,M2_11_2_6,0.9438552856445312
1169,M2_11_3_0,0.9080657958984375
1170,M2_11_3_1,0.9080276489257812
1171,M2_11_3_2,0.9081192016601562
1172,M2_11_3_3,0.9080772399902344
1173,M2_11_3_4,0.8695793151855469
1174,M2_11_3_5,0.870086669921875
1175,M2_11_3_6,0.8763351440429688
1176,M2_12_0_0,1.0
1177,M2_12_0_1,1.0
1178,M2_12_0_2,1.0
1179,M2_12_0_3,1.0
1180,M2_12_0_4,1.0
1181,M2_12_0_5,1.0
1182,M2_12_0_6,1.0
1183,M2_12_1_0,0.9437408447265625
1184,M2_12_1_1,0.9437408447265625
1185,M2_12_1_2,0.9436798095703125
1186,M2_12_1_3,0.9437675476074219
1187,M2_12_1_4,0.9428520202636719
1188,M2_12_1_5,0.9348602294921875
1189,M2_12_1_6,0.9435462951660156
1190,M2_12_2_0,1.0
1191,M2_12_2_1,1.0
1192,M2_12_2_2,1.0
1193,M2_12_2_3,1.0
1194,M2_12_2_4,1.0
1195,M2_12_2_5,1.0
1196,M2_12_2_6,1.0
1197,M2_12_3_0,1.0
1198,M2_12_3_1,1.0
1199,M2_12_3_2,1.0
1200,M2_12_3_3,1.0
1201,M2_12_3_4,1.0
1202,M2_12_3_5,1.0
1203,M2_12_3_6,1.0
1204,M2_13_0_0,0.6639022827148438
1205,M2_13_0_1,0.6633529663085938
1206,M2_13_0_2,0.6634864807128906
1207,M2_13_0_3,0.6637954711914062
1208,M2_13_0_4,0.6644248962402344
1209,M2_13_0_5,0.6629600524902344
1210,M2_13_0_6,0.6731300354003906
1211,M2_13_1_0,0.9817619323730469
1212,M2_13_1_1,0.9817848205566406
1213,M2_13_1_2,0.9817352294921875
1214,M2_13_1_3,0.9817314147949219
1215,M2_13_1_4,0.9966545104980469
1216,M2_13_1_5,1.0
1217,M2_13_1_6,1.0
1218,M2_13_2_0,0.8196182250976562
1219,M2_13_2_1,0.8193778991699219
1220,M2_13_2_2,0.8194732666015625
1221,M2_13_2_3,0.8196792602539062
1222,M2_13_2_4,0.8242683410644531
1223,M2_13_2_5,0.8197860717773438
1224,M2_13_2_6,0.8466835021972656
1225,M2_13_3_0,0.8024673461914062
1226,M2_13_3_1,0.8022193908691406
1227,M2_13_3_2,0.8024024963378906
1228,M2_13_3_3,0.8024635314941406
1229,M2_13_3_4,0.7890357971191406
1230,M2_13_3_5,0.7668304443359375
1231,M2_13_3_6,0.7800559997558594
1232,M2_14_0_0,1.0
1233,M2_14_0_1,1.0
1234,M2_14_0_2,1.0
1235,M2_14_0_3,1.0
1236,M2_14_0_4,1.0
1237,M2_14_0_5,1.0
1238,M2_14_0_6,1.0
1239,M2_14_1_0,0.9892845153808594
1240,M2_14_1_1,0.9892768859863281
1241,M2_14_1_2,0.9891433715820312
1242,M2_14_1_3,0.9892807006835938
1243,M2_14_1_4,0.9860725402832031
1244,M2_14_1_5,0.9880485534667969
1245,M2_14_1_6,0.9898910522460938
1246,M2_14_2_0,0.729766845703125
1247,M2_14_2_1,0.7292861938476562
1248,M2_14_2_2,0.7295188903808594
1249,M2_14_2_3,0.7297706604003906
1250,M2_14_2_4,0.7269020080566406
1251,M2_14_2_5,0.7177009582519531
1252,M2_14_2_6,0.730926513671875
1253,M2_14_3_0,0.6381263732910156
1254,M2_14_3_1,0.6378211975097656
1255,M2_14_3_2,0.6379852294921875
1256,M2_14_3_3,0.6381568908691406
1257,M2_14_3_4,0.6059646606445312
1258,M2_14_3_5,0.6128196716308594
1259,M2_14_3_6,0.601043701171875
1260,M2_15_0_0,0.9646644592285156
1261,M2_15_0_1,0.9647140502929688
1262,M2_15_0_2,0.964752197265625
1263,M2_15_0_3,0.9646759033203125
1264,M2_15_0_4,0.9436302185058594
1265,M2_15_0_5,0.94122314453125
1266,M2_15_0_6,0.9340019226074219
1267,M2_15_1_0,0.9485740661621094
1268,M2_15_1_1,0.948211669921875
1269,M2_15_1_2,0.9481964111328125
1270,M2_15_1_3,0.9486007690429688
1271,M2_15_1_4,0.9486007690429688
1272,M2_15_1_5,0.9483222961425781
1273,M2_15_1_6,0.9483604431152344
1274,M2_15_2_0,1.0
1275,M2_15_2_1,1.0
1276,M2_15_2_2,1.0
1277,M2_15_2_3,1.0
1278,M2_15_2_4,1.0
1279,M2_15_2_5,1.0
1280,M2_15_2_6,1.0
1281,M2_15_3_0,1.0
1282,M2_15_3_1,1.0
1283,M2_15_3_2,1.0
1284,M2_15_3_3,1.0
1285,M2_15_3_4,1.0
1286,M2_15_3_5,1.0
1287,M2_15_3_6,1.0
1288,M2_18_0_0,0.7761802673339844
1289,M2_18_0_1,0.7748489379882812
1290,M2_18_0_2,0.7749290466308594
1291,M2_18_0_3,0.7761917114257812
1292,M2_18_0_4,0.7721328735351562
1293,M2_18_0_5,0.7682685852050781
1294,M2_18_0_6,0.7751350402832031
1295,M2_18_1_0,0.6795463562011719
1296,M2_18_1_1,0.6780242919921875
1297,M2_18_1_2,0.6787757873535156
1298,M2_18_1_3,0.6794700622558594
1299,M2_18_1_4,0.6931114196777344
1300,M2_18_1_5,0.6720085144042969
1301,M2_18_1_6,0.6859016418457031
1302,M2_18_2_0,0.9854164123535156
1303,M2_18_2_1,0.9853096008300781
1304,M2_18_2_2,0.9854202270507812
1305,M2_18_2_3,0.9854087829589844
1306,M2_18_2_4,0.9897346496582031
1307,M2_18_2_5,1.0
1308,M2_18_2_6,0.9879684448242188
1309,M2_18_3_0,0.7996444702148438
1310,M2_18_3_1,0.7996330261230469
1311,M2_18_3_2,0.7993202209472656
1312,M2_18_3_3,0.7996711730957031
1313,M2_18_3_4,0.7986984252929688
1314,M2_18_3_5,0.7985305786132812
1315,M2_18_3_6,0.7987861633300781
1316,M2_19_0_0,0.7573356628417969
1317,M2_19_0_1,0.7615203857421875
1318,M2_19_0_2,0.7576789855957031
1319,M2_19_0_3,0.7569198608398438
1320,M2_19_0_4,0.7464103698730469
1321,M2_19_0_5,0.7500152587890625
1322,M2_19_0_6,0.75518798828125
1323,M2_19_1_0,0.9993515014648438
1324,M2_19_1_1,0.9993515014648438
1325,M2_19_1_2,0.9993515014648438
1326,M2_19_1_3,0.9993515014648438
1327,M2_19_1_4,1.0
1328,M2_19_1_5,1.0
1329,M2_19_1_6,1.0
1330,M2_19_2_0,0.9997482299804688
1331,M2_19_2_1,0.9997482299804688
1332,M2_19_2_2,0.9997482299804688
1333,M2_19_2_3,0.9997482299804688
1334,M2_19_2_4,0.9996414184570312
1335,M2_19_2_5,0.9996452331542969
1336,M2_19_2_6,0.9996452331542969
1337,M2_19_3_0,0.607391357421875
1338,M2_19_3_1,0.6077651977539062
1339,M2_19_3_2,0.6077842712402344
1340,M2_19_3_3,0.6077613830566406
1341,M2_19_3_4,0.60223388671875
1342,M2_19_3_5,0.5592002868652344
1343,M2_19_3_6,0.5983123779296875
1344,M2_20_0_0,0.8548202514648438
1345,M2_20_0_1,0.8549575805664062
1346,M2_20_0_2,0.854949951171875
1347,M2_20_0_3,0.8548660278320312
1348,M2_20_0_4,0.8397178649902344
1349,M2_20_0_5,0.8305435180664062
1350,M2_20_0_6,0.8500328063964844
1351,M2_20_1_0,1.0
1352,M2_20_1_1,1.0
1353,M2_20_1_2,1.0
1354,M2_20_1_3,1.0
1355,M2_20_1_4,1.0
1356,M2_20_1_5,1.0
1357,M2_20_1_6,1.0
1358,M2_20_2_0,0.9642257690429688
1359,M2_20_2_1,0.9641838073730469
1360,M2_20_2_2,0.9642448425292969
1361,M2_20_2_3,0.9642333984375
1362,M2_20_2_4,0.9673614501953125
1363,M2_20_2_5,0.998138427734375
1364,M2_20_2_6,0.9641304016113281
1365,M2_20_3_0,0.7069244384765625
1366,M2_20_3_1,0.7065353393554688
1367,M2_20_3_2,0.706787109375
1368,M2_20_3_3,0.7068748474121094
1369,M2_20_3_4,0.7060012817382812
1370,M2_20_3_5,0.6806640625
1371,M2_20_3_6,0.6748161315917969
1372,M2_21_0_0,0.753509521484375
1373,M2_21_0_1,0.7443428039550781
1374,M2_21_0_2,0.7509956359863281
1375,M2_21_0_3,0.7541618347167969
1376,M2_21_0_4,0.7743606567382812
1377,M2_21_0_5,0.7358245849609375
1378,M2_21_0_6,0.7323074340820312
1379,M2_21_1_0,0.9292831420898438
1380,M2_21_1_1,0.9290313720703125
1381,M2_21_1_2,0.9292678833007812
1382,M2_21_1_3,0.929290771484375
1383,M2_21_1_4,0.9423904418945312
1384,M2_21_1_5,0.931671142578125
1385,M2_21_1_6,0.92816162109375
1386,M2_21_2_0,0.8251304626464844
1387,M2_21_2_1,0.8246383666992188
1388,M2_21_2_2,0.8244819641113281
1389,M2_21_2_3,0.8253364562988281
1390,M2_21_2_4,0.8206863403320312
1391,M2_21_2_5,0.8246574401855469
1392,M2_21_2_6,0.818878173828125
1393,M2_21_3_0,0.9863624572753906
1394,M2_21_3_1,0.9863700866699219
1395,M2_21_3_2,0.9864120483398438
1396,M2_21_3_3,0.9863739013671875
1397,M2_21_3_4,1.0
1398,M2_21_3_5,0.9852371215820312
1399,M2_21_3_6,1.0
1400,M2_22_0_0,0.9564094543457031
1401,M2_22_0_1,0.9561767578125
1402,M2_22_0_2,0.9562644958496094
1403,M2_22_0_3,0.9564170837402344
1404,M2_22_0_4,0.9767837524414062
1405,M2_22_0_5,0.9630775451660156
1406,M2_22_0_6,0.9888229370117188
1407,M2_22_1_0,0.6275177001953125
1408,M2_22_1_1,0.604217529296875
1409,M2_22_1_2,0.6287460327148438
1410,M2_22_1_3,0.6266441345214844
1411,M2_22_1_4,0.6403236389160156
1412,M2_22_1_5,0.6301345825195312
1413,M2_22_1_6,0.635955810546875
1414,M2_22_2_0,0.9273490905761719
1415,M2_22_2_1,0.9267692565917969
1416,M2_22_2_2,0.9274368286132812
1417,M2_22_2_3,0.9273910522460938
1418,M2_22_2_4,0.9270553588867188
1419,M2_22_2_5,0.9166221618652344
1420,M2_22_2_6,0.9273109436035156
1421,M2_22_3_0,0.9730072021484375
1422,M2_22_3_1,0.9729576110839844
1423,M2_22_3_2,0.9728546142578125
1424,M2_22_3_3,0.9730072021484375
1425,M2_22_3_4,0.9724197387695312
1426,M2_22_3_5,0.9708442687988281
1427,M2_22_3_6,0.9583091735839844
1428,M2_23_0_0,0.991790771484375
1429,M2_23_0_1,0.9915809631347656
1430,M2_23_0_2,0.9916801452636719
1431,M2_23_0_3,0.9919052124023438
1432,M2_23_0_4,0.9922714233398438
1433,M2_23_0_5,0.9870185852050781
1434,M2_23_0_6,0.9962196350097656
1435,M2_23_1_0,1.0
1436,M2_23_1_1,1.0
1437,M2_23_1_2,1.0
1438,M2_23_1_3,1.0
1439,M2_23_1_4,1.0
1440,M2_23_1_5,1.0
1441,M2_23_1_6,1.0
1442,M2_23_2_0,0.960113525390625
1443,M2_23_2_1,0.9600181579589844
1444,M2_23_2_2,0.959503173828125
1445,M2_23_2_3,0.9601211547851562
1446,M2_23_2_4,0.9312744140625
1447,M2_23_2_5,0.9682998657226562
1448,M2_23_2_6,0.9676971435546875
1449,M2_23_3_0,0.7708244323730469
1450,M2_23_3_1,0.7692108154296875
1451,M2_23_3_2,0.7694511413574219
1452,M2_23_3_3,0.7709236145019531
1453,M2_23_3_4,0.7712593078613281
1454,M2_23_3_5,0.7329177856445312
1455,M2_23_3_6,0.7607879638671875
1456,M2_24_0_0,0.9134750366210938
1457,M2_24_0_1,0.9132766723632812
1458,M2_24_0_2,0.9130821228027344
1459,M2_24_0_3,0.9134864807128906
1460,M2_24_0_4,0.9203071594238281
1461,M2_24_0_5,0.9183845520019531
1462,M2_24_0_6,0.9146156311035156
1463,M2_24_1_0,0.9637794494628906
1464,M2_24_1_1,0.9638671875
1465,M2_24_1_2,0.9637107849121094
1466,M2_24_1_3,0.9637832641601562
1467,M2_24_1_4,0.9772834777832031
1468,M2_24_1_5,0.9770927429199219
1469,M2_24_1_6,0.9532814025878906
1470,M2_24_2_0,0.83721923828125
1471,M2_24_2_1,0.8330535888671875
1472,M2_24_2_2,0.8323516845703125
1473,M2_24_2_3,0.8372726440429688
1474,M2_24_2_4,0.8399810791015625
1475,M2_24_2_5,0.8657798767089844
1476,M2_24_2_6,0.8648567199707031
1477,M2_24_3_0,0.9844207763671875
1478,M2_24_3_1,0.9843788146972656
1479,M2_24_3_2,0.9844284057617188
1480,M2_24_3_3,0.9843826293945312
1481,M2_24_3_4,0.9741668701171875
1482,M2_24_3_5,0.9950294494628906
1483,M2_24_3_6,0.9961166381835938
1484,M2_26_0_0,0.8407707214355469
1485,M2_26_0_1,0.8407859802246094
1486,M2_26_0_2,0.8404273986816406
1487,M2_26_0_3,0.8408355712890625
1488,M2_26_0_4,0.8533515930175781
1489,M2_26_0_5,0.8520698547363281
1490,M2_26_0_6,0.8572349548339844
1491,M2_26_1_0,1.0
1492,M2_26_1_1,1.0
1493,M2_26_1_2,1.0
1494,M2_26_1_3,1.0
1495,M2_26_1_4,1.0
1496,M2_26_1_5,1.0
1497,M2_26_1_6,1.0
1498,M2_26_2_0,1.0
1499,M2_26_2_1,1.0
1500,M2_26_2_2,1.0
1501,M2_26_2_3,1.0
1502,M2_26_2_4,1.0
1503,M2_26_2_5,1.0
1504,M2_26_2_6,1.0
1505,M2_26_3_0,1.0
1506,M2_26_3_1,1.0
1507,M2_26_3_2,1.0
1508,M2_26_3_3,1.0
1509,M2_26_3_4,1.0
1510,M2_26_3_5,1.0
1511,M2_26_3_6,1.0
1512,M2_27_0_0,1.0
1513,M2_27_0_1,1.0
1514,M2_27_0_2,1.0
1515,M2_27_0_3,1.0
1516,M2_27_0_4,1.0
1517,M2_27_0_5,1.0
1518,M2_27_0_6,1.0
1519,M2_27_1_0,0.8761253356933594
1520,M2_27_1_1,0.8758430480957031
1521,M2_27_1_2,0.8752059936523438
1522,M2_27_1_3,0.8762931823730469
1523,M2_27_1_4,0.8665046691894531
1524,M2_27_1_5,0.8483619689941406
1525,M2_27_1_6,0.8572959899902344
1526,M2_27_2_0,0.8743705749511719
1527,M2_27_2_1,0.8740463256835938
1528,M2_27_2_2,0.8738517761230469
1529,M2_27_2_3,0.8745460510253906
1530,M2_27_2_4,0.8738975524902344
1531,M2_27_2_5,0.874176025390625
1532,M2_27_2_6,0.8740501403808594
1533,M2_27_3_0,0.9297409057617188
1534,M2_27_3_1,0.929931640625
1535,M2_27_3_2,0.9296798706054688
1536,M2_27_3_3,0.9298820495605469
1537,M2_27_3_4,0.9297714233398438
1538,M2_27_3_5,0.9298171997070312
1539,M2_27_3_6,0.9294662475585938
1540,M2_28_0_0,1.0
1541,M2_28_0_1,1.0
1542,M2_28_0_2,1.0
1543,M2_28_0_3,1.0
1544,M2_28_0_4,1.0
1545,M2_28_0_5,1.0
1546,M2_28_0_6,1.0
1547,M2_28_1_0,1.0
1548,M2_28_1_1,1.0
1549,M2_28_1_2,1.0
1550,M2_28_1_3,1.0
1551,M2_28_1_4,1.0
1552,M2_28_1_5,1.0
1553,M2_28_1_6,1.0
1554,M2_28_2_0,0.8578300476074219
1555,M2_28_2_1,0.858001708984375
1556,M2_28_2_2,0.8578872680664062
1557,M2_28_2_3,0.8578681945800781
1558,M2_28_2_4,0.8726577758789062
1559,M2_28_2_5,0.8505287170410156
1560,M2_28_2_6,0.8650550842285156
1561,M2_28_3_0,0.6223030090332031
1562,M2_28_3_1,0.6219444274902344
1563,M2_28_3_2,0.6079902648925781
1564,M2_28_3_3,0.6223640441894531
1565,M2_28_3_4,0.5757560729980469
1566,M2_28_3_5,0.6287307739257812
1567,M2_28_3_6,0.6184959411621094
1568,M2_29_0_0,0.8716850280761719
1569,M2_29_0_1,0.8716163635253906
1570,M2_29_0_2,0.8716087341308594
1571,M2_29_0_3,0.8715057373046875
1572,M2_29_0_4,0.9121551513671875
1573,M2_29_0_5,0.9067878723144531
1574,M2_29_0_6,0.8895645141601562
1575,M2_29_1_0,0.9179840087890625
1576,M2_29_1_1,0.9178276062011719
1577,M2_29_1_2,0.9176254272460938
1578,M2_29_1_3,0.9179611206054688
1579,M2_29_1_4,0.9144210815429688
1580,M2_29_1_5,0.9145965576171875
1581,M2_29_1_6,0.9135627746582031
1582,M2_29_2_0,0.9542427062988281
1583,M2_29_2_1,0.9540863037109375
1584,M2_29_2_2,0.9542617797851562
1585,M2_29_2_3,0.9542617797851562
1586,M2_29_2_4,0.9742507934570312
1587,M2_29_2_5,0.9432106018066406
1588,M2_29_2_6,0.9398765563964844
1589,M2_29_3_0,0.8230018615722656
1590,M2_29_3_1,0.8229217529296875
1591,M2_29_3_2,0.8226394653320312
1592,M2_29_3_3,0.8229751586914062
1593,M2_29_3_4,0.8204803466796875
1594,M2_29_3_5,0.8367805480957031
1595,M2_29_3_6,0.8357505798339844
1596,M2_30_0_0,1.0
1597,M2_30_0_1,1.0
1598,M2_30_0_2,1.0
1599,M2_30_0_3,1.0
1600,M2_30_0_4,1.0
1601,M2_30_0_5,1.0
1602,M2_30_0_6,1.0
1603,M2_30_1_0,0.8447303771972656
1604,M2_30_1_1,0.8446388244628906
1605,M2_30_1_2,0.8444976806640625
1606,M2_30_1_3,0.84478759765625
1607,M2_30_1_4,0.8613357543945312
1608,M2_30_1_5,0.8590774536132812
1609,M2_30_1_6,0.8618240356445312
1610,M2_30_2_0,1.0
1611,M2_30_2_1,1.0
1612,M2_30_2_2,1.0
1613,M2_30_2_3,1.0
1614,M2_30_2_4,1.0
1615,M2_30_2_5,1.0
1616,M2_30_2_6,1.0
1617,M2_30_3_0,0.8822097778320312
1618,M2_30_3_1,0.8823165893554688
1619,M2_30_3_2,0.881988525390625
1620,M2_30_3_3,0.8822822570800781
1621,M2_30_3_4,0.8809967041015625
1622,M2_30_3_5,0.867919921875
1623,M2_30_3_6,0.8825302124023438
1624,M2_31_0_0,0.8557701110839844
1625,M2_31_0_1,0.8557167053222656
1626,M2_31_0_2,0.8556938171386719
1627,M2_31_0_3,0.8558883666992188
1628,M2_31_0_4,0.8551979064941406
1629,M2_31_0_5,0.8602828979492188
1630,M2_31_0_6,0.8463096618652344
1631,M2_31_1_0,0.8793487548828125
1632,M2_31_1_1,0.8792953491210938
1633,M2_31_1_2,0.8796463012695312
1634,M2_31_1_3,0.879425048828125
1635,M2_31_1_4,0.8841361999511719
1636,M2_31_1_5,0.8754844665527344
1637,M2_31_1_6,0.8593101501464844
1638,M2_31_2_0,1.0
1639,M2_31_2_1,1.0
1640,M2_31_2_2,1.0
1641,M2_31_2_3,1.0
1642,M2_31_2_4,1.0
1643,M2_31_2_5,1.0
1644,M2_31_2_6,1.0
1645,M2_31_3_0,1.0
1646,M2_31_3_1,1.0
1647,M2_31_3_2,1.0
1648,M2_31_3_3,1.0
1649,M2_31_3_4,1.0
1650,M2_31_3_5,1.0
1651,M2_31_3_6,1.0
1652,M2_32_0_0,1.0
1653,M2_32_0_1,1.0
1654,M2_32_0_2,1.0
1655,M2_32_0_3,1.0
1656,M2_32_0_4,1.0
1657,M2_32_0_5,1.0
1658,M2_32_0_6,1.0
1659,M2_32_1_0,0.9046897888183594
1660,M2_32_1_1,0.9043083190917969
1661,M2_32_1_2,0.9043388366699219
1662,M2_32_1_3,0.9046669006347656
1663,M2_32_1_4,0.9008636474609375
1664,M2_32_1_5,0.9044761657714844
1665,M2_32_1_6,0.904266357421875
1666,M2_32_2_0,0.9153861999511719
1667,M2_32_2_1,0.9154129028320312
1668,M2_32_2_2,0.91522216796875
1669,M2_32_2_3,0.9153976440429688
1670,M2_32_2_4,0.9152946472167969
1671,M2_32_2_5,0.9150924682617188
1672,M2_32_2_6,0.9153709411621094
1673,M2_32_3_0,0.9576759338378906
1674,M2_32_3_1,0.9575996398925781
1675,M2_32_3_2,0.9575271606445312
1676,M2_32_3_3,0.9576530456542969
1677,M2_32_3_4,0.9575233459472656
1678,M2_32_3_5,0.9575576782226562
1679,M2_32_3_6,0.9576225280761719
1680,M2_33_0_0,0.8442764282226562
1681,M2_33_0_1,0.842041015625
1682,M2_33_0_2,0.8440322875976562
1683,M2_33_0_3,0.8442497253417969
1684,M2_33_0_4,0.8361129760742188
1685,M2_33_0_5,0.8555145263671875
1686,M2_33_0_6,0.8410224914550781
1687,M2_33_1_0,0.9118232727050781
1688,M2_33_1_1,0.9108314514160156
1689,M2_33_1_2,0.9099769592285156
1690,M2_33_1_3,0.9118003845214844
1691,M2_33_1_4,0.907745361328125
1692,M2_33_1_5,0.8967018127441406
1693,M2_33_1_6,0.8901710510253906
1694,M2_33_2_0,0.9545364379882812
1695,M2_33_2_1,0.9545707702636719
1696,M2_33_2_2,0.9546737670898438
1697,M2_33_2_3,0.9545211791992188
1698,M2_33_2_4,0.9555282592773438
1699,M2_33_2_5,0.9466934204101562
1700,M2_33_2_6,0.9635429382324219
1701,M2_33_3_0,0.9252281188964844
1702,M2_33_3_1,0.9251518249511719
1703,M2_33_3_2,0.9252281188964844
1704,M2_33_3_3,0.9252738952636719
1705,M2_33_3_4,0.9031715393066406
1706,M2_33_3_5,0.9121437072753906
1707,M2_33_3_6,0.9045982360839844
1708,M2_34_0_0,0.9641151428222656
1709,M2_34_0_1,0.9639205932617188
1710,M2_34_0_2,0.9641647338867188
1711,M2_34_0_3,0.9641265869140625
1712,M2_34_0_4,0.9568672180175781
1713,M2_34_0_5,0.9688453674316406
1714,M2_34_0_6,0.9814529418945312
1715,M2_34_1_0,0.8682060241699219
1716,M2_34_1_1,0.8676986694335938
1717,M2_34_1_2,0.86798095703125
1718,M2_34_1_3,0.8683395385742188
1719,M2_34_1_4,0.849609375
1720,M2_34_1_5,0.875823974609375
1721,M2_34_1_6,0.8784675598144531
1722,M2_34_2_0,1.0
1723,M2_34_2_1,1.0
1724,M2_34_2_2,1.0
1725,M2_34_2_3,1.0
1726,M2_34_2_4,1.0
1727,M2_34_2_5,1.0
1728,M2_34_2_6,1.0
1729,M2_34_3_0,0.7830619812011719
1730,M2_34_3_1,0.7827491760253906
1731,M2_34_3_2,0.7828636169433594
1732,M2_34_3_3,0.7830619812011719
1733,M2_34_3_4,0.7826995849609375
1734,M2_34_3_5,0.7829017639160156
1735,M2_34_3_6,0.7826805114746094
1736,M2_35_0_0,0.6426887512207031
1737,M2_35_0_1,0.6426162719726562
1738,M2_35_0_2,0.642822265625
1739,M2_35_0_3,0.6428146362304688
1740,M2_35_0_4,0.6270103454589844
1741,M2_35_0_5,0.612060546875
1742,M2_35_0_6,0.6189079284667969
1743,M2_35_1_0,0.9657249450683594
1744,M2_35_1_1,0.9657554626464844
1745,M2_35_1_2,0.9656829833984375
1746,M2_35_1_3,0.9657363891601562
1747,M2_35_1_4,0.9850387573242188
1748,M2_35_1_5,0.9752769470214844
1749,M2_35_1_6,0.9831504821777344
1750,M2_35_2_0,0.9918441772460938
1751,M2_35_2_1,0.9918441772460938
1752,M2_35_2_2,0.9918441772460938
1753,M2_35_2_3,0.9918441772460938
1754,M2_35_2_4,0.9872207641601562
1755,M2_35_2_5,0.9914741516113281
1756,M2_35_2_6,0.9863739013671875
1757,M2_35_3_0,0.9235954284667969
1758,M2_35_3_1,0.921600341796875
1759,M2_35_3_2,0.9232559204101562
1760,M2_35_3_3,0.9235649108886719
1761,M2_35_3_4,0.9090423583984375
1762,M2_35_3_5,0.9032630920410156
1763,M2_35_3_6,0.9057464599609375
1764,M2_37_0_0,0.9297332763671875
1765,M2_37_0_1,0.9296417236328125
1766,M2_37_0_2,0.9297904968261719
1767,M2_37_0_3,0.9297256469726562
1768,M2_37_0_4,0.9396934509277344
1769,M2_37_0_5,0.9224700927734375
1770,M2_37_0_6,0.9036788940429688
1771,M2_37_1_0,1.0
1772,M2_37_1_1,1.0
1773,M2_37_1_2,1.0
1774,M2_37_1_3,1.0
1775,M2_37_1_4,1.0
1776,M2_37_1_5,1.0
1777,M2_37_1_6,1.0
1778,M2_37_2_0,0.9513664245605469
1779,M2_37_2_1,0.9512863159179688
1780,M2_37_2_2,0.9513778686523438
1781,M2_37_2_3,0.9513740539550781
1782,M2_37_2_4,0.9884414672851562
1783,M2_37_2_5,0.9775924682617188
1784,M2_37_2_6,0.9645195007324219
1785,M2_37_3_0,0.661712646484375
1786,M2_37_3_1,0.6621780395507812
1787,M2_37_3_2,0.6620826721191406
1788,M2_37_3_3,0.6615180969238281
1789,M2_37_3_4,0.6934318542480469
1790,M2_37_3_5,0.6904945373535156
1791,M2_37_3_6,0.6708831787109375
1792,M2_38_0_0,0.9639358520507812
1793,M2_38_0_1,0.9638442993164062
1794,M2_38_0_2,0.9637374877929688
1795,M2_38_0_3,0.9640121459960938
1796,M2_38_0_4,0.9576225280761719
1797,M2_38_0_5,0.9436073303222656
1798,M2_38_0_6,0.9643630981445312
1799,M2_38_1_0,1.0
1800,M2_38_1_1,1.0
1801,M2_38_1_2,1.0
1802,M2_38_1_3,1.0
1803,M2_38_1_4,1.0
1804,M2_38_1_5,1.0
1805,M2_38_1_6,1.0
1806,M2_38_2_0,1.0
1807,M2_38_2_1,1.0
1808,M2_38_2_2,1.0
1809,M2_38_2_3,1.0
1810,M2_38_2_4,1.0
1811,M2_38_2_5,1.0
1812,M2_38_2_6,1.0
1813,M2_38_3_0,0.8609123229980469
1814,M2_38_3_1,0.8605766296386719
1815,M2_38_3_2,0.8602066040039062
1816,M2_38_3_3,0.8609123229980469
1817,M2_38_3_4,0.8335151672363281
1818,M2_38_3_5,0.8355445861816406
1819,M2_38_3_6,0.8349456787109375
1820,M2_45_0_0,0.8320350646972656
1821,M2_45_0_1,0.8315582275390625
1822,M2_45_0_2,0.831390380859375
1823,M2_45_0_3,0.8320274353027344
1824,M2_45_0_4,0.8362960815429688
1825,M2_45_0_5,0.8332061767578125
1826,M2_45_0_6,0.8454780578613281
1827,M2_45_1_0,0.9141502380371094
1828,M2_45_1_1,0.9134140014648438
1829,M2_45_1_2,0.9130973815917969
1830,M2_45_1_3,0.9141616821289062
1831,M2_45_1_4,0.9289398193359375
1832,M2_45_1_5,0.9075469970703125
1833,M2_45_1_6,0.9340133666992188
1834,M2_45_2_0,0.9995079040527344
1835,M2_45_2_1,0.9995079040527344
1836,M2_45_2_2,0.9995079040527344
1837,M2_45_2_3,0.9995079040527344
1838,M2_45_2_4,1.0
1839,M2_45_2_5,1.0
1840,M2_45_2_6,0.9998855590820312
1841,M2_45_3_0,1.0
1842,M2_45_3_1,1.0
1843,M2_45_3_2,1.0
1844,M2_45_3_3,1.0
1845,M2_45_3_4,1.0
1846,M2_45_3_5,1.0
1847,M2_45_3_6,1.0
1848,M2_46_0_0,0.937774658203125
1849,M2_46_0_1,0.9378128051757812
1850,M2_46_0_2,0.9372711181640625
1851,M2_46_0_3,0.937835693359375
1852,M2_46_0_4,0.9689788818359375
1853,M2_46_0_5,0.9481124877929688
1854,M2_46_0_6,0.9675407409667969
1855,M2_46_1_0,0.9416656494140625
1856,M2_46_1_1,0.9412612915039062
1857,M2_46_1_2,0.9417190551757812
1858,M2_46_1_3,0.9416999816894531
1859,M2_46_1_4,0.9430923461914062
1860,M2_46_1_5,0.9403457641601562
1861,M2_46_1_6,0.9428977966308594
1862,M2_46_2_0,0.93695068359375
1863,M2_46_2_1,0.9371109008789062
1864,M2_46_2_2,0.9315032958984375
1865,M2_46_2_3,0.9369392395019531
1866,M2_46_2_4,0.8972206115722656
1867,M2_46_2_5,0.9353141784667969
1868,M2_46_2_6,0.9138450622558594
1869,M2_46_3_0,0.8262519836425781
1870,M2_46_3_1,0.8245620727539062
1871,M2_46_3_2,0.8254661560058594
1872,M2_46_3_3,0.8262519836425781
1873,M2_46_3_4,0.8163642883300781
1874,M2_46_3_5,0.8277206420898438
1875,M2_46_3_6,0.8305587768554688
1876,M2_47_0_0,0.719512939453125
1877,M2_47_0_1,0.7197189331054688
1878,M2_47_0_2,0.718505859375
1879,M2_47_0_3,0.7194366455078125
1880,M2_47_0_4,0.6752891540527344
1881,M2_47_0_5,0.727783203125
1882,M2_47_0_6,0.6626739501953125
1883,M2_47_1_0,0.9607810974121094
1884,M2_47_1_1,0.960662841796875
1885,M2_47_1_2,0.9606704711914062
1886,M2_47_1_3,0.9607810974121094
1887,M2_47_1_4,0.9530258178710938
1888,M2_47_1_5,0.9557647705078125
1889,M2_47_1_6,0.9634437561035156
1890,M2_47_2_0,1.0
1891,M2_47_2_1,1.0
1892,M2_47_2_2,1.0
1893,M2_47_2_3,1.0
1894,M2_47_2_4,1.0
1895,M2_47_2_5,1.0
1896,M2_47_2_6,1.0
1897,M2_47_3_0,0.8436775207519531
1898,M2_47_3_1,0.8432655334472656
1899,M2_47_3_2,0.8434867858886719
1900,M2_47_3_3,0.84393310546875
1901,M2_47_3_4,0.8098297119140625
1902,M2_47_3_5,0.8148460388183594
1903,M2_47_3_6,0.8444862365722656
1904,M3_01_0_0,0.9317665100097656
1905,M3_01_0_1,0.9315681457519531
1906,M3_01_0_2,0.9316673278808594
1907,M3_01_0_3,0.9317626953125
1908,M3_01_0_4,0.9257545471191406
1909,M3_01_0_5,0.9496650695800781
1910,M3_01_0_6,0.9469184875488281
1911,M3_01_1_0,0.9472503662109375
1912,M3_01_1_1,0.946868896484375
1913,M3_01_1_2,0.9468460083007812
1914,M3_01_1_3,0.9472846984863281
1915,M3_01_1_4,0.93585205078125
1916,M3_01_1_5,0.946868896484375
1917,M3_01_1_6,0.951507568359375
1918,M3_01_2_0,0.9667091369628906
1919,M3_01_2_1,0.966796875
1920,M3_01_2_2,0.9667739868164062
1921,M3_01_2_3,0.9667587280273438
1922,M3_01_2_4,0.9835891723632812
1923,M3_01_2_5,0.9617271423339844
1924,M3_01_2_6,0.995513916015625
1925,M3_01_3_0,0.8918952941894531
1926,M3_01_3_1,0.8896141052246094
1927,M3_01_3_2,0.8913383483886719
1928,M3_01_3_3,0.8918724060058594
1929,M3_01_3_4,0.9092521667480469
1930,M3_01_3_5,0.88922119140625
1931,M3_01_3_6,0.9158973693847656
1932,M3_02_0_0,1.0
1933,M3_02_0_1,1.0
1934,M3_02_0_2,1.0
1935,M3_02_0_3,1.0
1936,M3_02_0_4,1.0
1937,M3_02_0_5,1.0
1938,M3_02_0_6,1.0
1939,M3_02_1_0,0.9729499816894531
1940,M3_02_1_1,0.97296142578125
1941,M3_02_1_2,0.9729957580566406
1942,M3_02_1_3,0.9729576110839844
1943,M3_02_1_4,0.989715576171875
1944,M3_02_1_5,0.96649169921875
1945,M3_02_1_6,0.9702529907226562
1946,M3_02_2_0,0.9383468627929688
1947,M3_02_2_1,0.9372482299804688
1948,M3_02_2_2,0.9380340576171875
1949,M3_02_2_3,0.9383621215820312
1950,M3_02_2_4,0.9365730285644531
1951,M3_02_2_5,0.9382095336914062
1952,M3_02_2_6,0.9378852844238281
1953,M3_02_3_0,0.9822883605957031
1954,M3_02_3_1,0.9821434020996094
1955,M3_02_3_2,0.9822540283203125
1956,M3_02_3_3,0.9823188781738281
1957,M3_02_3_4,0.9821586608886719
1958,M3_02_3_5,0.9822425842285156
1959,M3_02_3_6,0.9823684692382812
1960,M3_03_0_0,0.8821144104003906
1961,M3_03_0_1,0.8817825317382812
1962,M3_03_0_2,0.8822174072265625
1963,M3_03_0_3,0.8820419311523438
1964,M3_03_0_4,0.8882484436035156
1965,M3_03_0_5,0.8710479736328125
1966,M3_03_0_6,0.8825798034667969
1967,M3_03_1_0,0.8013954162597656
1968,M3_03_1_1,0.800994873046875
1969,M3_03_1_2,0.8009529113769531
1970,M3_03_1_3,0.8014488220214844
1971,M3_03_1_4,0.7992057800292969
1972,M3_03_1_5,0.8015785217285156
1973,M3_03_1_6,0.7955474853515625
1974,M3_03_2_0,0.9321022033691406
1975,M3_03_2_1,0.9319572448730469
1976,M3_03_2_2,0.9320144653320312
1977,M3_03_2_3,0.932098388671875
1978,M3_03_2_4,0.9393844604492188
1979,M3_03_2_5,0.9332504272460938
1980,M3_03_2_6,0.9166984558105469
1981,M3_03_3_0,0.7156600952148438
1982,M3_03_3_1,0.7158012390136719
1983,M3_03_3_2,0.7143898010253906
1984,M3_03_3_3,0.7156143188476562
1985,M3_03_3_4,0.6964874267578125
1986,M3_03_3_5,0.7040023803710938
1987,M3_03_3_6,0.710906982421875
1988,M3_04_0_0,0.885589599609375
1989,M3_04_0_1,0.8848457336425781
1990,M3_04_0_2,0.8858985900878906
1991,M3_04_0_3,0.8860969543457031
1992,M3_04_0_4,0.8845405578613281
1993,M3_04_0_5,0.8843917846679688
1994,M3_04_0_6,0.8763198852539062
1995,M3_04_1_0,0.9449005126953125
1996,M3_04_1_1,0.9447669982910156
1997,M3_04_1_2,0.9446907043457031
1998,M3_04_1_3,0.9449501037597656
1999,M3_04_1_4,0.9192352294921875
2000,M3_04_1_5,0.9451522827148438
2001,M3_04_1_6,0.9374122619628906
2002,M3_04_2_0,0.8316001892089844
2003,M3_04_2_1,0.8319473266601562
2004,M3_04_2_2,0.8318443298339844
2005,M3_04_2_3,0.8316726684570312
2006,M3_04_2_4,0.845458984375
2007,M3_04_2_5,0.8327980041503906
2008,M3_04_2_6,0.8350181579589844
2009,M3_04_3_0,0.7384910583496094
2010,M3_04_3_1,0.7377586364746094
2011,M3_04_3_2,0.7382469177246094
2012,M3_04_3_3,0.7385826110839844
2013,M3_04_3_4,0.705322265625
2014,M3_04_3_5,0.7393798828125
2015,M3_04_3_6,0.6854820251464844
2016,M3_05_0_0,0.6685829162597656
2017,M3_05_0_1,0.6659660339355469
2018,M3_05_0_2,0.6673126220703125
2019,M3_05_0_3,0.6685981750488281
2020,M3_05_0_4,0.5912666320800781
2021,M3_05_0_5,0.6540412902832031
2022,M3_05_0_6,0.6257247924804688
2023,M3_05_1_0,0.7392616271972656
2024,M3_05_1_1,0.7382240295410156
2025,M3_05_1_2,0.738616943359375
2026,M3_05_1_3,0.7392425537109375
2027,M3_05_1_4,0.739288330078125
2028,M3_05_1_5,0.6824836730957031
2029,M3_05_1_6,0.7089881896972656
2030,M3_05_2_0,0.9932785034179688
2031,M3_05_2_1,0.9932785034179688
2032,M3_05_2_2,0.9932746887207031
2033,M3_05_2_3,0.9932785034179688
2034,M3_05_2_4,0.9879493713378906
2035,M3_05_2_5,0.9975662231445312
2036,M3_05_2_6,0.9977684020996094
2037,M3_05_3_0,0.86627197265625
2038,M3_05_3_1,0.8647346496582031
2039,M3_05_3_2,0.8650665283203125
2040,M3_05_3_3,0.8662796020507812
2041,M3_05_3_4,0.8582305908203125
2042,M3_05_3_5,0.8671112060546875
2043,M3_05_3_6,0.8638916015625
2044,M3_06_0_0,0.4924163818359375
2045,M3_06_0_1,0.49112701416015625
2046,M3_06_0_2,0.47265625
2047,M3_06_0_3,0.4923210144042969
2048,M3_06_0_4,0.4636993408203125
2049,M3_06_0_5,0.49353790283203125
2050,M3_06_0_6,0.4856758117675781
2051,M3_06_1_0,0.7441482543945312
2052,M3_06_1_1,0.7438735961914062
2053,M3_06_1_2,0.7420921325683594
2054,M3_06_1_3,0.7445030212402344
2055,M3_06_1_4,0.7342605590820312
2056,M3_06_1_5,0.7435684204101562
2057,M3_06_1_6,0.7421913146972656
2058,M3_06_2_0,0.95587158203125
2059,M3_06_2_1,0.9555931091308594
2060,M3_06_2_2,0.9557991027832031
2061,M3_06_2_3,0.9559097290039062
2062,M3_06_2_4,0.9478340148925781
2063,M3_06_2_5,0.9546012878417969
2064,M3_06_2_6,0.9594192504882812
2065,M3_06_3_0,0.5399856567382812
2066,M3_06_3_1,0.5374412536621094
2067,M3_06_3_2,0.5272674560546875
2068,M3_06_3_3,0.5407066345214844
2069,M3_06_3_4,0.51861572265625
2070,M3_06_3_5,0.5215568542480469
2071,M3_06_3_6,0.4965019226074219
2072,M3_07_0_0,0.8506088256835938
2073,M3_07_0_1,0.8503189086914062
2074,M3_07_0_2,0.8506813049316406
2075,M3_07_0_3,0.8506393432617188
2076,M3_07_0_4,0.8579254150390625
2077,M3_07_0_5,0.8393783569335938
2078,M3_07_0_6,0.8559341430664062
2079,M3_07_1_0,0.8965797424316406
2080,M3_07_1_1,0.896514892578125
2081,M3_07_1_2,0.8966789245605469
2082,M3_07_1_3,0.896636962890625
2083,M3_07_1_4,0.9167976379394531
2084,M3_07_1_5,0.9191551208496094
2085,M3_07_1_6,0.9220733642578125
2086,M3_07_2_0,0.9439125061035156
2087,M3_07_2_1,0.943695068359375
2088,M3_07_2_2,0.9437370300292969
2089,M3_07_2_3,0.9439163208007812
2090,M3_07_2_4,0.9497451782226562
2091,M3_07_2_5,0.9468421936035156
2092,M3_07_2_6,0.9811592102050781
2093,M3_07_3_0,0.79766845703125
2094,M3_07_3_1,0.7908058166503906
2095,M3_07_3_2,0.7972564697265625
2096,M3_07_3_3,0.7973709106445312
2097,M3_07_3_4,0.7902908325195312
2098,M3_07_3_5,0.7865753173828125
2099,M3_07_3_6,0.7857170104980469
2100,M3_09_0_0,0.8405952453613281
2101,M3_09_0_1,0.8404045104980469
2102,M3_09_0_2,0.8383102416992188
2103,M3_09_0_3,0.8406219482421875
2104,M3_09_0_4,0.8381004333496094
2105,M3_09_0_5,0.8410072326660156
2106,M3_09_0_6,0.8492965698242188
2107,M3_09_1_0,0.6678695678710938
2108,M3_09_1_1,0.6671180725097656
2109,M3_09_1_2,0.6661758422851562
2110,M3_09_1_3,0.6679229736328125
2111,M3_09_1_4,0.6341056823730469
2112,M3_09_1_5,0.6432037353515625
2113,M3_09_1_6,0.6642723083496094
2114,M3_09_2_0,0.9433135986328125
2115,M3_09_2_1,0.9431533813476562
2116,M3_09_2_2,0.9431571960449219
2117,M3_09_2_3,0.9433135986328125
2118,M3_09_2_4,0.9603729248046875
2119,M3_09_2_5,0.9382972717285156
2120,M3_09_2_6,0.9665946960449219
2121,M3_09_3_0,0.7681617736816406
2122,M3_09_3_1,0.7673606872558594
2123,M3_09_3_2,0.7682571411132812
2124,M3_09_3_3,0.7681236267089844
2125,M3_09_3_4,0.76788330078125
2126,M3_09_3_5,0.7679367065429688
2127,M3_09_3_6,0.781982421875
2128,M3_10_0_0,0.8158302307128906
2129,M3_10_0_1,0.8156356811523438
2130,M3_10_0_2,0.8150978088378906
2131,M3_10_0_3,0.8158149719238281
2132,M3_10_0_4,0.8256721496582031
2133,M3_10_0_5,0.8193321228027344
2134,M3_10_0_6,0.8173637390136719
2135,M3_10_1_0,0.828582763671875
2136,M3_10_1_1,0.8278350830078125
2137,M3_10_1_2,0.8286857604980469
2138,M3_10_1_3,0.8284492492675781
2139,M3_10_1_4,0.8334884643554688
2140,M3_10_1_5,0.8187179565429688
2141,M3_10_1_6,0.8244132995605469
2142,M3_10_2_0,0.9123001098632812
2143,M3_10_2_1,0.9120941162109375
2144,M3_10_2_2,0.9121971130371094
2145,M3_10_2_3,0.9122695922851562
2146,M3_10_2_4,0.9123954772949219
2147,M3_10_2_5,0.9150009155273438
2148,M3_10_2_6,0.9108619689941406
2149,M3_10_3_0,0.9258384704589844
2150,M3_10_3_1,0.9256439208984375
2151,M3_10_3_2,0.9257164001464844
2152,M3_10_3_3,0.9258270263671875
2153,M3_10_3_4,0.9272956848144531
2154,M3_10_3_5,0.9269828796386719
2155,M3_10_3_6,0.927001953125
2156,M3_11_0_0,0.8572311401367188
2157,M3_11_0_1,0.8566703796386719
2158,M3_11_0_2,0.8564987182617188
2159,M3_11_0_3,0.8571510314941406
2160,M3_11_0_4,0.9141311645507812
2161,M3_11_0_5,0.8912811279296875
2162,M3_11_0_6,0.8717803955078125
2163,M3_11_1_0,0.8498115539550781
2164,M3_11_1_1,0.8494071960449219
2165,M3_11_1_2,0.8492469787597656
2166,M3_11_1_3,0.8498268127441406
2167,M3_11_1_4,0.8495712280273438
2168,M3_11_1_5,0.84869384765625
2169,M3_11_1_6,0.8483047485351562
2170,M3_11_2_0,0.9121551513671875
2171,M3_11_2_1,0.8815536499023438
2172,M3_11_2_2,0.906341552734375
2173,M3_11_2_3,0.91217041015625
2174,M3_11_2_4,0.91204833984375
2175,M3_11_2_5,0.9146461486816406
2176,M3_11_2_6,0.9141578674316406
2177,M3_11_3_0,0.816619873046875
2178,M3_11_3_1,0.7948112487792969
2179,M3_11_3_2,0.8143806457519531
2180,M3_11_3_3,0.8165664672851562
2181,M3_11_3_4,0.7989387512207031
2182,M3_11_3_5,0.8162727355957031
2183,M3_11_3_6,0.769378662109375
2184,M3_14_0_0,0.9572792053222656
2185,M3_14_0_1,0.9573249816894531
2186,M3_14_0_2,0.957305908203125
2187,M3_14_0_3,0.9573287963867188
2188,M3_14_0_4,0.948150634765625
2189,M3_14_0_5,0.9668846130371094
2190,M3_14_0_6,0.95892333984375
2191,M3_14_1_0,0.8371429443359375
2192,M3_14_1_1,0.8376617431640625
2193,M3_14_1_2,0.8378028869628906
2194,M3_14_1_3,0.8371124267578125
2195,M3_14_1_4,0.8379135131835938
2196,M3_14_1_5,0.8349952697753906
2197,M3_14_1_6,0.8314933776855469
2198,M3_14_2_0,0.8497543334960938
2199,M3_14_2_1,0.8497657775878906
2200,M3_14_2_2,0.8500633239746094
2201,M3_14_2_3,0.8497695922851562
2202,M3_14_2_4,0.8728103637695312
2203,M3_14_2_5,0.9027328491210938
2204,M3_14_2_6,0.8551673889160156
2205,M3_14_3_0,0.8654823303222656
2206,M3_14_3_1,0.865142822265625
2207,M3_14_3_2,0.8654403686523438
2208,M3_14_3_3,0.8655052185058594
2209,M3_14_3_4,0.8546485900878906
2210,M3_14_3_5,0.8458480834960938
2211,M3_14_3_6,0.8691139221191406
2212,M3_15_0_0,0.7852249145507812
2213,M3_15_0_1,0.7856407165527344
2214,M3_15_0_2,0.7825164794921875
2215,M3_15_0_3,0.785400390625
2216,M3_15_0_4,0.7516288757324219
2217,M3_15_0_5,0.7846527099609375
2218,M3_15_0_6,0.7896194458007812
2219,M3_15_1_0,0.7786102294921875
2220,M3_15_1_1,0.7782363891601562
2221,M3_15_1_2,0.778228759765625
2222,M3_15_1_3,0.7786483764648438
2223,M3_15_1_4,0.7792816162109375
2224,M3_15_1_5,0.7754440307617188
2225,M3_15_1_6,0.7730674743652344
2226,M3_15_2_0,0.9649429321289062
2227,M3_15_2_1,0.9648399353027344
2228,M3_15_2_2,0.9647178649902344
2229,M3_15_2_3,0.9649429321289062
2230,M3_15_2_4,0.9710464477539062
2231,M3_15_2_5,0.9749984741210938
2232,M3_15_2_6,0.9575614929199219
2233,M3_15_3_0,0.8425254821777344
2234,M3_15_3_1,0.8424110412597656
2235,M3_15_3_2,0.8425941467285156
2236,M3_15_3_3,0.8425216674804688
2237,M3_15_3_4,0.8258056640625
2238,M3_15_3_5,0.827484130859375
2239,M3_15_3_6,0.8504409790039062
2240,M3_16_0_0,0.8196563720703125
2241,M3_16_0_1,0.8193511962890625
2242,M3_16_0_2,0.8195686340332031
2243,M3_16_0_3,0.8196296691894531
2244,M3_16_0_4,0.81597900390625
2245,M3_16_0_5,0.821380615234375
2246,M3_16_0_6,0.8381729125976562
2247,M3_16_1_0,0.8412895202636719
2248,M3_16_1_1,0.8391761779785156
2249,M3_16_1_2,0.8407974243164062
2250,M3_16_1_3,0.8413505554199219
2251,M3_16_1_4,0.8381614685058594
2252,M3_16_1_5,0.8411293029785156
2253,M3_16_1_6,0.8393402099609375
2254,M3_16_2_0,0.9661865234375
2255,M3_16_2_1,0.96563720703125
2256,M3_16_2_2,0.9659080505371094
2257,M3_16_2_3,0.9662055969238281
2258,M3_16_2_4,0.9409637451171875
2259,M3_16_2_5,0.9512405395507812
2260,M3_16_2_6,0.9417457580566406
2261,M3_16_3_0,0.9306221008300781
2262,M3_16_3_1,0.9291954040527344
2263,M3_16_3_2,0.9291419982910156
2264,M3_16_3_3,0.9307441711425781
2265,M3_16_3_4,0.9159660339355469
2266,M3_16_3_5,0.9377937316894531
2267,M3_16_3_6,0.9140357971191406
2268,M3_17_0_0,0.8586158752441406
2269,M3_17_0_1,0.8584136962890625
2270,M3_17_0_2,0.8585243225097656
2271,M3_17_0_3,0.8586082458496094
2272,M3_17_0_4,0.8606834411621094
2273,M3_17_0_5,0.8496246337890625
2274,M3_17_0_6,0.8574790954589844
2275,M3_17_1_0,0.9400215148925781
2276,M3_17_1_1,0.9400291442871094
2277,M3_17_1_2,0.9401130676269531
2278,M3_17_1_3,0.9400863647460938
2279,M3_17_1_4,0.9212188720703125
2280,M3_17_1_5,0.9406280517578125
2281,M3_17_1_6,0.9219894409179688
2282,M3_17_2_0,0.6427955627441406
2283,M3_17_2_1,0.6417236328125
2284,M3_17_2_2,0.6420783996582031
2285,M3_17_2_3,0.6426620483398438
2286,M3_17_2_4,0.6395721435546875
2287,M3_17_2_5,0.6424446105957031
2288,M3_17_2_6,0.6287841796875
2289,M3_17_3_0,1.0
2290,M3_17_3_1,1.0
2291,M3_17_3_2,1.0
2292,M3_17_3_3,1.0
2293,M3_17_3_4,1.0
2294,M3_17_3_5,1.0
2295,M3_17_3_6,1.0
2296,M3_19_0_0,0.9064140319824219
2297,M3_19_0_1,0.9065437316894531
2298,M3_19_0_2,0.9058074951171875
2299,M3_19_0_3,0.9064750671386719
2300,M3_19_0_4,0.9119453430175781
2301,M3_19_0_5,0.9080352783203125
2302,M3_19_0_6,0.9226646423339844
2303,M3_19_1_0,0.9474334716796875
2304,M3_19_1_1,0.9472694396972656
2305,M3_19_1_2,0.9473228454589844
2306,M3_19_1_3,0.9474372863769531
2307,M3_19_1_4,0.9491081237792969
2308,M3_19_1_5,0.9457740783691406
2309,M3_19_1_6,0.9465827941894531
2310,M3_19_2_0,0.9349517822265625
2311,M3_19_2_1,0.9350128173828125
2312,M3_19_2_2,0.9350433349609375
2313,M3_19_2_3,0.9349594116210938
2314,M3_19_2_4,0.9342803955078125
2315,M3_19_2_5,0.9353218078613281
2316,M3_19_2_6,0.9027023315429688
2317,M3_19_3_0,0.8269500732421875
2318,M3_19_3_1,0.8260459899902344
2319,M3_19_3_2,0.8266677856445312
2320,M3_19_3_3,0.8271064758300781
2321,M3_19_3_4,0.814727783203125
2322,M3_19_3_5,0.8251266479492188
2323,M3_19_3_6,0.7660751342773438
2324,M3_20_0_0,0.8763999938964844
2325,M3_20_0_1,0.876190185546875
2326,M3_20_0_2,0.8762664794921875
2327,M3_20_0_3,0.8764724731445312
2328,M3_20_0_4,0.8767929077148438
2329,M3_20_0_5,0.9017181396484375
2330,M3_20_0_6,0.8951492309570312
2331,M3_20_1_0,0.8795967102050781
2332,M3_20_1_1,0.8793907165527344
2333,M3_20_1_2,0.8794593811035156
2334,M3_20_1_3,0.8793754577636719
2335,M3_20_1_4,0.8775596618652344
2336,M3_20_1_5,0.9038238525390625
2337,M3_20_1_6,0.8990364074707031
2338,M3_20_2_0,0.9220390319824219
2339,M3_20_2_1,0.9220428466796875
2340,M3_20_2_2,0.9219474792480469
2341,M3_20_2_3,0.9220199584960938
2342,M3_20_2_4,0.9206352233886719
2343,M3_20_2_5,0.9546737670898438
2344,M3_20_2_6,0.9542045593261719
2345,M3_20_3_0,0.8744735717773438
2346,M3_20_3_1,0.8742713928222656
2347,M3_20_3_2,0.873748779296875
2348,M3_20_3_3,0.8744544982910156
2349,M3_20_3_4,0.9063529968261719
2350,M3_20_3_5,0.9075775146484375
2351,M3_20_3_6,0.8945274353027344
2352,M3_21_0_0,0.9500617980957031
2353,M3_21_0_1,0.9499092102050781
2354,M3_21_0_2,0.9500923156738281
2355,M3_21_0_3,0.9501266479492188
2356,M3_21_0_4,0.9741554260253906
2357,M3_21_0_5,0.9561271667480469
2358,M3_21_0_6,0.9431076049804688
2359,M3_21_1_0,0.8894081115722656
2360,M3_21_1_1,0.8893661499023438
2361,M3_21_1_2,0.8892593383789062
2362,M3_21_1_3,0.8893814086914062
2363,M3_21_1_4,0.8886489868164062
2364,M3_21_1_5,0.9172286987304688
2365,M3_21_1_6,0.9124908447265625
2366,M3_21_2_0,0.9417572021484375
2367,M3_21_2_1,0.9417686462402344
2368,M3_21_2_2,0.9417190551757812
2369,M3_21_2_3,0.9417190551757812
2370,M3_21_2_4,0.9464530944824219
2371,M3_21_2_5,0.9431648254394531
2372,M3_21_2_6,0.9482612609863281
2373,M3_21_3_0,0.9756278991699219
2374,M3_21_3_1,0.9755783081054688
2375,M3_21_3_2,0.9755821228027344
2376,M3_21_3_3,0.9756278991699219
2377,M3_21_3_4,0.9988174438476562
2378,M3_21_3_5,0.9777870178222656
2379,M3_21_3_6,0.9993553161621094
2380,M3_22_0_0,0.9913444519042969
2381,M3_22_0_1,0.9914779663085938
2382,M3_22_0_2,0.9913825988769531
2383,M3_22_0_3,0.9914932250976562
2384,M3_22_0_4,0.9955940246582031
2385,M3_22_0_5,0.9873428344726562
2386,M3_22_0_6,0.9834327697753906
2387,M3_22_1_0,0.7902565002441406
2388,M3_22_1_1,0.7899513244628906
2389,M3_22_1_2,0.7895050048828125
2390,M3_22_1_3,0.7903938293457031
2391,M3_22_1_4,0.7903480529785156
2392,M3_22_1_5,0.7905387878417969
2393,M3_22_1_6,0.8081779479980469
2394,M3_22_2_0,0.8915901184082031
2395,M3_22_2_1,0.8913536071777344
2396,M3_22_2_2,0.8912467956542969
2397,M3_22_2_3,0.8915328979492188
2398,M3_22_2_4,0.9073066711425781
2399,M3_22_2_5,0.9042549133300781
2400,M3_22_2_6,0.8701248168945312
2401,M3_22_3_0,0.901519775390625
2402,M3_22_3_1,0.9002265930175781
2403,M3_22_3_2,0.9008636474609375
2404,M3_22_3_3,0.9015235900878906
2405,M3_22_3_4,0.9040756225585938
2406,M3_22_3_5,0.8921966552734375
2407,M3_22_3_6,0.9036636352539062
2408,M3_23_0_0,0.9436912536621094
2409,M3_23_0_1,0.9435653686523438
2410,M3_23_0_2,0.9433670043945312
2411,M3_23_0_3,0.9437904357910156
2412,M3_23_0_4,0.9585838317871094
2413,M3_23_0_5,0.9717597961425781
2414,M3_23_0_6,0.9706878662109375
2415,M3_23_1_0,0.7626571655273438
2416,M3_23_1_1,0.7620887756347656
2417,M3_23_1_2,0.7628669738769531
2418,M3_23_1_3,0.7626495361328125
2419,M3_23_1_4,0.7416534423828125
2420,M3_23_1_5,0.7649650573730469
2421,M3_23_1_6,0.764068603515625
2422,M3_23_2_0,0.8941116333007812
2423,M3_23_2_1,0.8938064575195312
2424,M3_23_2_2,0.8941078186035156
2425,M3_23_2_3,0.894134521484375
2426,M3_23_2_4,0.8663101196289062
2427,M3_23_2_5,0.8628120422363281
2428,M3_23_2_6,0.8687934875488281
2429,M3_23_3_0,1.0
2430,M3_23_3_1,1.0
2431,M3_23_3_2,1.0
2432,M3_23_3_3,1.0
2433,M3_23_3_4,1.0
2434,M3_23_3_5,1.0
2435,M3_23_3_6,1.0
2436,M3_24_0_0,0.757720947265625
2437,M3_24_0_1,0.7575035095214844
2438,M3_24_0_2,0.7567481994628906
2439,M3_24_0_3,0.7578048706054688
2440,M3_24_0_4,0.7215805053710938
2441,M3_24_0_5,0.7547950744628906
2442,M3_24_0_6,0.7488136291503906
2443,M3_24_1_0,0.9852714538574219
2444,M3_24_1_1,0.9851837158203125
2445,M3_24_1_2,0.9852066040039062
2446,M3_24_1_3,0.9852714538574219
2447,M3_24_1_4,1.0
2448,M3_24_1_5,0.9962654113769531
2449,M3_24_1_6,1.0
2450,M3_24_2_0,0.8585968017578125
2451,M3_24_2_1,0.8587379455566406
2452,M3_24_2_2,0.8582115173339844
2453,M3_24_2_3,0.8587074279785156
2454,M3_24_2_4,0.8306884765625
2455,M3_24_2_5,0.8185920715332031
2456,M3_24_2_6,0.840118408203125
2457,M3_24_3_0,0.9805145263671875
2458,M3_24_3_1,0.9806632995605469
2459,M3_24_3_2,0.9805564880371094
2460,M3_24_3_3,0.9804954528808594
2461,M3_24_3_4,0.9899368286132812
2462,M3_24_3_5,0.9896430969238281
2463,M3_24_3_6,0.9770240783691406
2464,M3_27_0_0,0.9441604614257812
2465,M3_27_0_1,0.9440956115722656
2466,M3_27_0_2,0.9440155029296875
2467,M3_27_0_3,0.9442634582519531
2468,M3_27_0_4,0.9441375732421875
2469,M3_27_0_5,0.9418449401855469
2470,M3_27_0_6,0.9384574890136719
2471,M3_27_1_0,0.8080253601074219
2472,M3_27_1_1,0.807830810546875
2473,M3_27_1_2,0.807373046875
2474,M3_27_1_3,0.8078460693359375
2475,M3_27_1_4,0.8204879760742188
2476,M3_27_1_5,0.790283203125
2477,M3_27_1_6,0.8071060180664062
2478,M3_27_2_0,0.7520980834960938
2479,M3_27_2_1,0.7512054443359375
2480,M3_27_2_2,0.7515487670898438
2481,M3_27_2_3,0.7520942687988281
2482,M3_27_2_4,0.7534904479980469
2483,M3_27_2_5,0.7548065185546875
2484,M3_27_2_6,0.7617454528808594
2485,M3_27_3_0,0.9259223937988281
2486,M3_27_3_1,0.9257125854492188
2487,M3_27_3_2,0.9259986877441406
2488,M3_27_3_3,0.9258995056152344
2489,M3_27_3_4,0.9273109436035156
2490,M3_27_3_5,0.9276657104492188
2491,M3_27_3_6,0.9302711486816406
2492,M3_32_0_0,0.9652023315429688
2493,M3_32_0_1,0.9649772644042969
2494,M3_32_0_2,0.9649658203125
2495,M3_32_0_3,0.9653854370117188
2496,M3_32_0_4,0.9384498596191406
2497,M3_32_0_5,0.9653053283691406
2498,M3_32_0_6,0.9414787292480469
2499,M3_32_1_0,0.8649787902832031
2500,M3_32_1_1,0.8648109436035156
2501,M3_32_1_2,0.8646240234375
2502,M3_32_1_3,0.86492919921875
2503,M3_32_1_4,0.8760261535644531
2504,M3_32_1_5,0.8691520690917969
2505,M3_32_1_6,0.8483352661132812
2506,M3_32_2_0,0.8630638122558594
2507,M3_32_2_1,0.8624343872070312
2508,M3_32_2_2,0.8620452880859375
2509,M3_32_2_3,0.8631553649902344
2510,M3_32_2_4,0.8589668273925781
2511,M3_32_2_5,0.8707008361816406
2512,M3_32_2_6,0.8525962829589844
2513,M3_32_3_0,0.9961662292480469
2514,M3_32_3_1,0.9961624145507812
2515,M3_32_3_2,0.9961662292480469
2516,M3_32_3_3,0.9961662292480469
2517,M3_32_3_4,1.0
2518,M3_32_3_5,0.9992599487304688
2519,M3_32_3_6,0.9926490783691406
2520,M3_33_0_0,0.9697799682617188
2521,M3_33_0_1,0.9696578979492188
2522,M3_33_0_2,0.9697723388671875
2523,M3_33_0_3,0.9697952270507812
2524,M3_33_0_4,0.9715919494628906
2525,M3_33_0_5,0.9712905883789062
2526,M3_33_0_6,0.9657173156738281
2527,M3_33_1_0,0.743988037109375
2528,M3_33_1_1,0.7435111999511719
2529,M3_33_1_2,0.7433204650878906
2530,M3_33_1_3,0.7440834045410156
2531,M3_33_1_4,0.770416259765625
2532,M3_33_1_5,0.7690544128417969
2533,M3_33_1_6,0.6993141174316406
2534,M3_33_2_0,1.0
2535,M3_33_2_1,1.0
2536,M3_33_2_2,1.0
2537,M3_33_2_3,1.0
2538,M3_33_2_4,1.0
2539,M3_33_2_5,1.0
2540,M3_33_2_6,1.0
2541,M3_33_3_0,0.9720993041992188
2542,M3_33_3_1,0.9720954895019531
2543,M3_33_3_2,0.9720649719238281
2544,M3_33_3_3,0.9720954895019531
2545,M3_33_3_4,0.9659996032714844
2546,M3_33_3_5,0.9519500732421875
2547,M3_33_3_6,0.9609489440917969
2548,M3_34_0_0,1.0
2549,M3_34_0_1,1.0
2550,M3_34_0_2,1.0
2551,M3_34_0_3,1.0
2552,M3_34_0_4,1.0
2553,M3_34_0_5,1.0
2554,M3_34_0_6,1.0
2555,M3_34_1_0,0.7386016845703125
2556,M3_34_1_1,0.7374038696289062
2557,M3_34_1_2,0.7374649047851562
2558,M3_34_1_3,0.7386817932128906
2559,M3_34_1_4,0.7389678955078125
2560,M3_34_1_5,0.7339019775390625
2561,M3_34_1_6,0.7385787963867188
2562,M3_34_2_0,0.9491844177246094
2563,M3_34_2_1,0.948944091796875
2564,M3_34_2_2,0.9493598937988281
2565,M3_34_2_3,0.949188232421875
2566,M3_34_2_4,0.94830322265625
2567,M3_34_2_5,0.9492225646972656
2568,M3_34_2_6,0.9490470886230469
2569,M3_34_3_0,1.0
2570,M3_34_3_1,1.0
2571,M3_34_3_2,1.0
2572,M3_34_3_3,1.0
2573,M3_34_3_4,1.0
2574,M3_34_3_5,1.0
2575,M3_34_3_6,1.0
